"uniqueKey:","key:","key1:","key1_1:","key1_2:","key1_3:","key1_4:a:","key1_4:b:","key1_4:a:1","key1_4:b:1","key1_4:","key2:key3:key4:","key2:key3:key5:","key2:key3:key6:key7:","key2:key3:key6:key8:","key2:key3:key6:key9:","key2:key3:key6:key10:","key2:key3:key11:key12:key13:","key2:key3:key11:key12:key14:","key2:key3:key11:key15:key16:","key2:key3:key11:key17:key18:","key2:key3:key11:key19:key20:key21:","key2:key3:key11:key19:key20:key22:","key2:key3:key11:key19:key20:key23:","key2:key3:key11:key19:key20:key24:","key2:key3:key11:key19:key20:key25:","key2:key3:key11:key19:key20:key26:","key2:key3:key11:key19:key20:key21:1","key2:key3:key11:key19:key20:key22:1","key2:key3:key11:key19:key20:key23:1","key2:key3:key11:key19:key20:key24:1","key2:key3:key11:key19:key20:key25:1","key2:key3:key11:key19:key20:key26:1","key2:key3:key11:key19:key20:key21:2","key2:key3:key11:key19:key20:key22:2","key2:key3:key11:key19:key20:key23:2","key2:key3:key11:key19:key20:key24:2","key2:key3:key11:key19:key20:key25:2","key2:key3:key11:key19:key20:key26:2","key2:key3:key11:key19:key27:","key2:key3:key11:key19:key28:key29:key30:","key2:key3:key11:key19:key28:key29:key31:","key2:key3:key11:key32:","key2:key3:key11:key33:","key2:key3:key11:key34:key35:","key2:key3:key11:key34:key36:","key2:key3:key37:","key2:key3:key38:key39:key40:","key2:key3:key38:key39:key41:","key2:key3:key38:key42:key43:","key2:key3:key38:key42:key44:","key2:key3:key38:key45:key46:","key2:key3:key38:key45:key47:","key2:key3:key48:","key2:key3:key49:","key2:key3:key50:","key2:key3:key51:","key2:key3:key52:key53:key54:","key2:key3:key52:key53:key55:","key2:key3:key52:key56:","key2:key3:key57:","key2:key3:key58:","key2:key3:key59:","key2:key3:key60:key61:","key2:key62:","key2:key63:","key2:key64:","key2:key65:","key2:key66:","key2:key67:","key2:key68:","key2:key69:","key2:key70:","key2:key71:","key2:key72:key73:","key2:key72:key74:","key2:key72:key75:","key2:key76:key77:","key2:key76:key78:","key2:key76:key79:","key2:key80:","key1_4_1:a:","key1_4_1:b:","key1_4_1:a:1","key1_4_1:b:1","key1_4_1:","key2:","key3:","key4:","key5:key6:key7:","key5:key6:key8:","key5:key6:key9:","key5:key6:key10:","key5:key6:key7:1","key5:key6:key8:1","key5:key6:key9:1","key5:key6:key10:1","key5_2:key15:","key5_2:key16:","key5_2:key17:","key5_2:key18:","key5_2:key19:","key5_2:key20:","key5_2:key21:","key5_2:key22:","key5_2:key23:","key5_2:key24:","key5_2:key25:","key5_2:key26:","key5_2:key27:","key5_2:key28:","key29:","key30:","key31:","key32:","key33:key34:key35:","key33:key34:key36:","key37:key38:","key37:key39:","key37:key40:","key37:key41:","key37:key42:","key37:key43:","key37:key44:","key37:key45:","key37:key46:","key37:key47:","key48:","key49:","key50:","key51:","key52:key53:key54:","key52:key53:key55:","key52:key53:key56:","key52:key53:key57:","key58:key59:","key58:key60:","key58:key61:","key58:key62:","key58:key63:","key58:key64:","key58:key65:","key58:key66:"
"0","{}","[]","[{}]","[{},{}]","jsonObject_value1_3","aValue","[]","{}","[{}]","[{},{""a"":""aValue"",""b"":[]},{},{""a"":{},""b"":[{}]}]","","jsonObject_value5","jsonObject_value7","jsonObject_value8","jsonObject_value9","json_value10","jsonObject_value13","jsonObject_value14","jsonObject_value16","jsonObject_value18","jsonObject_value21","jsonObject_value22","jsonObject_value23","jsonObject_value24","jsonObject_value25","jsonObject_value26","jsonObject_value21_2","jsonObject_value22_2","jsonObject_value23_2","jsonObject_value24_2","jsonObject_value25_2","jsonObject_value26_2","jsonObject_value21_3","jsonObject_value22_3","jsonObject_value23_3","jsonObject_value24_3","jsonObject_value25_3","jsonObject_value26_3","[]","jsonObject_value30","jsonObject_value31","jsonObject_value32","jsonObject_value33","jsonObject_value35","jsonObject_value36","jsonObject_value37","jsonObject_value40","jsonObject_value41","jsonObject_value43","jsonObject_value44","jsonObject_value46","jsonObject_value47","jsonObject_value48","jsonObject_value49","true","false","jsonObject_value54","jsonObject_value55","jsonObject_value56","jsonObject_value57","null","jsonObject_value59","jsonObject_value61","jsonObject_value62","jsonObject_value63","3","[""jsonObject_value65-1"",""jsonObject_value65-2"",""jsonObject_value65-3""]","jsonObject_value66","false","false","jsonObject_value69","jsonObject_value70","jsonObject_value71","jsonObject_value73","jsonObject_value74","jsonObject_value75","jsonObject_value77","[""jsonObject_value78""]","null","80",,,,,,,,,,,,,,,,,,,,,,,,,,,,,,,,,,,,,,,,,,,,,,,,,,,,,,,,,,,,,,
"0","{}","[]","[{}]","[{},{}]","jsonObject_value1_3","aValue","[]","{}","[{}]","[{},{""a"":""aValue"",""b"":[]},{},{""a"":{},""b"":[{}]}]","","jsonObject_value5","jsonObject_value7","jsonObject_value8","jsonObject_value9","json_value10","jsonObject_value13","jsonObject_value14","jsonObject_value16","jsonObject_value18","jsonObject_value21","jsonObject_value22","jsonObject_value23","jsonObject_value24","jsonObject_value25","jsonObject_value26","jsonObject_value21_2","jsonObject_value22_2","jsonObject_value23_2","jsonObject_value24_2","jsonObject_value25_2","jsonObject_value26_2","jsonObject_value21_3","jsonObject_value22_3","jsonObject_value23_3","jsonObject_value24_3","jsonObject_value25_3","jsonObject_value26_3","[]","jsonObject_value30","jsonObject_value31","jsonObject_value32","jsonObject_value33","jsonObject_value35","jsonObject_value36","jsonObject_value37","jsonObject_value40","jsonObject_value41","jsonObject_value43","jsonObject_value44","jsonObject_value46","jsonObject_value47","jsonObject_value48","jsonObject_value49","true","false","jsonObject_value54","jsonObject_value55","jsonObject_value56","jsonObject_value57","null","jsonObject_value59","jsonObject_value61","jsonObject_value62","jsonObject_value63","3","[""jsonObject_value65-1"",""jsonObject_value65-2"",""jsonObject_value65-3""]","jsonObject_value66","false","false","jsonObject_value69","jsonObject_value70","jsonObject_value71","jsonObject_value73","jsonObject_value74","jsonObject_value75","jsonObject_value77","[""jsonObject_value78""]","null","80",,,,,,,,,,,,,,,,,,,,,,,,,,,,,,,,,,,,,,,,,,,,,,,,,,,,,,,,,,,,,,
"0","{}","[]","[{}]","[{},{}]","jsonObject_value1_3","aValue","[]","{}","[{}]","[{},{""a"":""aValue"",""b"":[]},{},{""a"":{},""b"":[{}]}]","","jsonObject_value5","jsonObject_value7","jsonObject_value8","jsonObject_value9","json_value10","jsonObject_value13","jsonObject_value14","jsonObject_value16","jsonObject_value18","jsonObject_value21","jsonObject_value22","jsonObject_value23","jsonObject_value24","jsonObject_value25","jsonObject_value26","jsonObject_value21_2","jsonObject_value22_2","jsonObject_value23_2","jsonObject_value24_2","jsonObject_value25_2","jsonObject_value26_2","jsonObject_value21_3","jsonObject_value22_3","jsonObject_value23_3","jsonObject_value24_3","jsonObject_value25_3","jsonObject_value26_3","[]","jsonObject_value30","jsonObject_value31","jsonObject_value32","jsonObject_value33","jsonObject_value35","jsonObject_value36","jsonObject_value37","jsonObject_value40","jsonObject_value41","jsonObject_value43","jsonObject_value44","jsonObject_value46","jsonObject_value47","jsonObject_value48","jsonObject_value49","true","false","jsonObject_value54","jsonObject_value55","jsonObject_value56","jsonObject_value57","null","jsonObject_value59","jsonObject_value61","jsonObject_value62","jsonObject_value63","3","[""jsonObject_value65-1"",""jsonObject_value65-2"",""jsonObject_value65-3""]","jsonObject_value66","false","false","jsonObject_value69","jsonObject_value70","jsonObject_value71","jsonObject_value73","jsonObject_value74","jsonObject_value75","jsonObject_value77","[""jsonObject_value78""]","null","80",,,,,,,,,,,,,,,,,,,,,,,,,,,,,,,,,,,,,,,,,,,,,,,,,,,,,,,,,,,,,,
"0","{}","[]","[{}]","[{},{}]","jsonObject_value1_3","aValue","[]","{}","[{}]","[{},{""a"":""aValue"",""b"":[]},{},{""a"":{},""b"":[{}]}]","","jsonObject_value5","jsonObject_value7","jsonObject_value8","jsonObject_value9","json_value10","jsonObject_value13","jsonObject_value14","jsonObject_value16","jsonObject_value18","jsonObject_value21","jsonObject_value22","jsonObject_value23","jsonObject_value24","jsonObject_value25","jsonObject_value26","jsonObject_value21_2","jsonObject_value22_2","jsonObject_value23_2","jsonObject_value24_2","jsonObject_value25_2","jsonObject_value26_2","jsonObject_value21_3","jsonObject_value22_3","jsonObject_value23_3","jsonObject_value24_3","jsonObject_value25_3","jsonObject_value26_3","[]","jsonObject_value30","jsonObject_value31","jsonObject_value32","jsonObject_value33","jsonObject_value35","jsonObject_value36","jsonObject_value37","jsonObject_value40","jsonObject_value41","jsonObject_value43","jsonObject_value44","jsonObject_value46","jsonObject_value47","jsonObject_value48","jsonObject_value49","true","false","jsonObject_value54","jsonObject_value55","jsonObject_value56","jsonObject_value57","null","jsonObject_value59","jsonObject_value61","jsonObject_value62","jsonObject_value63","3","[""jsonObject_value65-1"",""jsonObject_value65-2"",""jsonObject_value65-3""]","jsonObject_value66","false","false","jsonObject_value69","jsonObject_value70","jsonObject_value71","jsonObject_value73","jsonObject_value74","jsonObject_value75","jsonObject_value77","[""jsonObject_value78""]","null","80",,,,,,,,,,,,,,,,,,,,,,,,,,,,,,,,,,,,,,,,,,,,,,,,,,,,,,,,,,,,,,
"0","{}","[]","[{}]","[{},{}]","jsonObject_value1_3","aValue","[]","{}","[{}]","[{},{""a"":""aValue"",""b"":[]},{},{""a"":{},""b"":[{}]}]","","jsonObject_value5","jsonObject_value7","jsonObject_value8","jsonObject_value9","json_value10","jsonObject_value13","jsonObject_value14","jsonObject_value16","jsonObject_value18","jsonObject_value21","jsonObject_value22","jsonObject_value23","jsonObject_value24","jsonObject_value25","jsonObject_value26","jsonObject_value21_2","jsonObject_value22_2","jsonObject_value23_2","jsonObject_value24_2","jsonObject_value25_2","jsonObject_value26_2","jsonObject_value21_3","jsonObject_value22_3","jsonObject_value23_3","jsonObject_value24_3","jsonObject_value25_3","jsonObject_value26_3","[]","jsonObject_value30","jsonObject_value31","jsonObject_value32","jsonObject_value33","jsonObject_value35","jsonObject_value36","jsonObject_value37","jsonObject_value40","jsonObject_value41","jsonObject_value43","jsonObject_value44","jsonObject_value46","jsonObject_value47","jsonObject_value48","jsonObject_value49","true","false","jsonObject_value54","jsonObject_value55","jsonObject_value56","jsonObject_value57","null","jsonObject_value59","jsonObject_value61","jsonObject_value62","jsonObject_value63","3","[""jsonObject_value65-1"",""jsonObject_value65-2"",""jsonObject_value65-3""]","jsonObject_value66","false","false","jsonObject_value69","jsonObject_value70","jsonObject_value71","jsonObject_value73","jsonObject_value74","jsonObject_value75","jsonObject_value77","[""jsonObject_value78""]","null","80",,,,,,,,,,,,,,,,,,,,,,,,,,,,,,,,,,,,,,,,,,,,,,,,,,,,,,,,,,,,,,
"0","{}","[]","[{}]","[{},{}]","jsonObject_value1_3","aValue","[]","{}","[{}]","[{},{""a"":""aValue"",""b"":[]},{},{""a"":{},""b"":[{}]}]","","jsonObject_value5","jsonObject_value7","jsonObject_value8","jsonObject_value9","json_value10","jsonObject_value13","jsonObject_value14","jsonObject_value16","jsonObject_value18","jsonObject_value21","jsonObject_value22","jsonObject_value23","jsonObject_value24","jsonObject_value25","jsonObject_value26","jsonObject_value21_2","jsonObject_value22_2","jsonObject_value23_2","jsonObject_value24_2","jsonObject_value25_2","jsonObject_value26_2","jsonObject_value21_3","jsonObject_value22_3","jsonObject_value23_3","jsonObject_value24_3","jsonObject_value25_3","jsonObject_value26_3","[]","jsonObject_value30","jsonObject_value31","jsonObject_value32","jsonObject_value33","jsonObject_value35","jsonObject_value36","jsonObject_value37","jsonObject_value40","jsonObject_value41","jsonObject_value43","jsonObject_value44","jsonObject_value46","jsonObject_value47","jsonObject_value48","jsonObject_value49","true","false","jsonObject_value54","jsonObject_value55","jsonObject_value56","jsonObject_value57","null","jsonObject_value59","jsonObject_value61","jsonObject_value62","jsonObject_value63","3","[""jsonObject_value65-1"",""jsonObject_value65-2"",""jsonObject_value65-3""]","jsonObject_value66","false","false","jsonObject_value69","jsonObject_value70","jsonObject_value71","jsonObject_value73","jsonObject_value74","jsonObject_value75","jsonObject_value77","[""jsonObject_value78""]","null","80",,,,,,,,,,,,,,,,,,,,,,,,,,,,,,,,,,,,,,,,,,,,,,,,,,,,,,,,,,,,,,
"0","{}","[]","[{}]","[{},{}]","jsonObject_value1_3","aValue","[]","{}","[{}]","[{},{""a"":""aValue"",""b"":[]},{},{""a"":{},""b"":[{}]}]","","jsonObject_value5","jsonObject_value7","jsonObject_value8","jsonObject_value9","json_value10","jsonObject_value13","jsonObject_value14","jsonObject_value16","jsonObject_value18","jsonObject_value21","jsonObject_value22","jsonObject_value23","jsonObject_value24","jsonObject_value25","jsonObject_value26","jsonObject_value21_2","jsonObject_value22_2","jsonObject_value23_2","jsonObject_value24_2","jsonObject_value25_2","jsonObject_value26_2","jsonObject_value21_3","jsonObject_value22_3","jsonObject_value23_3","jsonObject_value24_3","jsonObject_value25_3","jsonObject_value26_3","[]","jsonObject_value30","jsonObject_value31","jsonObject_value32","jsonObject_value33","jsonObject_value35","jsonObject_value36","jsonObject_value37","jsonObject_value40","jsonObject_value41","jsonObject_value43","jsonObject_value44","jsonObject_value46","jsonObject_value47","jsonObject_value48","jsonObject_value49","true","false","jsonObject_value54","jsonObject_value55","jsonObject_value56","jsonObject_value57","null","jsonObject_value59","jsonObject_value61","jsonObject_value62","jsonObject_value63","3","[""jsonObject_value65-1"",""jsonObject_value65-2"",""jsonObject_value65-3""]","jsonObject_value66","false","false","jsonObject_value69","jsonObject_value70","jsonObject_value71","jsonObject_value73","jsonObject_value74","jsonObject_value75","jsonObject_value77","[""jsonObject_value78""]","null","80",,,,,,,,,,,,,,,,,,,,,,,,,,,,,,,,,,,,,,,,,,,,,,,,,,,,,,,,,,,,,,
"0","{}","[]","[{}]","[{},{}]","jsonObject_value1_3","aValue","[]","{}","[{}]","[{},{""a"":""aValue"",""b"":[]},{},{""a"":{},""b"":[{}]}]","","jsonObject_value5","jsonObject_value7","jsonObject_value8","jsonObject_value9","json_value10","jsonObject_value13","jsonObject_value14","jsonObject_value16","jsonObject_value18","jsonObject_value21","jsonObject_value22","jsonObject_value23","jsonObject_value24","jsonObject_value25","jsonObject_value26","jsonObject_value21_2","jsonObject_value22_2","jsonObject_value23_2","jsonObject_value24_2","jsonObject_value25_2","jsonObject_value26_2","jsonObject_value21_3","jsonObject_value22_3","jsonObject_value23_3","jsonObject_value24_3","jsonObject_value25_3","jsonObject_value26_3","[]","jsonObject_value30","jsonObject_value31","jsonObject_value32","jsonObject_value33","jsonObject_value35","jsonObject_value36","jsonObject_value37","jsonObject_value40","jsonObject_value41","jsonObject_value43","jsonObject_value44","jsonObject_value46","jsonObject_value47","jsonObject_value48","jsonObject_value49","true","false","jsonObject_value54","jsonObject_value55","jsonObject_value56","jsonObject_value57","null","jsonObject_value59","jsonObject_value61","jsonObject_value62","jsonObject_value63","3","[""jsonObject_value65-1"",""jsonObject_value65-2"",""jsonObject_value65-3""]","jsonObject_value66","false","false","jsonObject_value69","jsonObject_value70","jsonObject_value71","jsonObject_value73","jsonObject_value74","jsonObject_value75","jsonObject_value77","[""jsonObject_value78""]","null","80",,,,,,,,,,,,,,,,,,,,,,,,,,,,,,,,,,,,,,,,,,,,,,,,,,,,,,,,,,,,,,
"0","{}","[]","[{}]","[{},{}]","jsonObject_value1_3","aValue","[]","{}","[{}]","[{},{""a"":""aValue"",""b"":[]},{},{""a"":{},""b"":[{}]}]","","jsonObject_value5","jsonObject_value7","jsonObject_value8","jsonObject_value9","json_value10","jsonObject_value13","jsonObject_value14","jsonObject_value16","jsonObject_value18","jsonObject_value21","jsonObject_value22","jsonObject_value23","jsonObject_value24","jsonObject_value25","jsonObject_value26","jsonObject_value21_2","jsonObject_value22_2","jsonObject_value23_2","jsonObject_value24_2","jsonObject_value25_2","jsonObject_value26_2","jsonObject_value21_3","jsonObject_value22_3","jsonObject_value23_3","jsonObject_value24_3","jsonObject_value25_3","jsonObject_value26_3","[]","jsonObject_value30","jsonObject_value31","jsonObject_value32","jsonObject_value33","jsonObject_value35","jsonObject_value36","jsonObject_value37","jsonObject_value40","jsonObject_value41","jsonObject_value43","jsonObject_value44","jsonObject_value46","jsonObject_value47","jsonObject_value48","jsonObject_value49","true","false","jsonObject_value54","jsonObject_value55","jsonObject_value56","jsonObject_value57","null","jsonObject_value59","jsonObject_value61","jsonObject_value62","jsonObject_value63","3","[""jsonObject_value65-1"",""jsonObject_value65-2"",""jsonObject_value65-3""]","jsonObject_value66","false","false","jsonObject_value69","jsonObject_value70","jsonObject_value71","jsonObject_value73","jsonObject_value74","jsonObject_value75","jsonObject_value77","[""jsonObject_value78""]","null","80",,,,,,,,,,,,,,,,,,,,,,,,,,,,,,,,,,,,,,,,,,,,,,,,,,,,,,,,,,,,,,
"0","{}","[]","[{}]","[{},{}]","jsonObject_value1_3","aValue","[]","{}","[{}]","[{},{""a"":""aValue"",""b"":[]},{},{""a"":{},""b"":[{}]}]","","jsonObject_value5","jsonObject_value7","jsonObject_value8","jsonObject_value9","json_value10","jsonObject_value13","jsonObject_value14","jsonObject_value16","jsonObject_value18","jsonObject_value21","jsonObject_value22","jsonObject_value23","jsonObject_value24","jsonObject_value25","jsonObject_value26","jsonObject_value21_2","jsonObject_value22_2","jsonObject_value23_2","jsonObject_value24_2","jsonObject_value25_2","jsonObject_value26_2","jsonObject_value21_3","jsonObject_value22_3","jsonObject_value23_3","jsonObject_value24_3","jsonObject_value25_3","jsonObject_value26_3","[]","jsonObject_value30","jsonObject_value31","jsonObject_value32","jsonObject_value33","jsonObject_value35","jsonObject_value36","jsonObject_value37","jsonObject_value40","jsonObject_value41","jsonObject_value43","jsonObject_value44","jsonObject_value46","jsonObject_value47","jsonObject_value48","jsonObject_value49","true","false","jsonObject_value54","jsonObject_value55","jsonObject_value56","jsonObject_value57","null","jsonObject_value59","jsonObject_value61","jsonObject_value62","jsonObject_value63","3","[""jsonObject_value65-1"",""jsonObject_value65-2"",""jsonObject_value65-3""]","jsonObject_value66","false","false","jsonObject_value69","jsonObject_value70","jsonObject_value71","jsonObject_value73","jsonObject_value74","jsonObject_value75","jsonObject_value77","[""jsonObject_value78""]","null","80",,,,,,,,,,,,,,,,,,,,,,,,,,,,,,,,,,,,,,,,,,,,,,,,,,,,,,,,,,,,,,
"0","{}","[]","[{}]","[{},{}]","jsonObject_value1_3","aValue","[]","{}","[{}]","[{},{""a"":""aValue"",""b"":[]},{},{""a"":{},""b"":[{}]}]","","jsonObject_value5","jsonObject_value7","jsonObject_value8","jsonObject_value9","json_value10","jsonObject_value13","jsonObject_value14","jsonObject_value16","jsonObject_value18","jsonObject_value21","jsonObject_value22","jsonObject_value23","jsonObject_value24","jsonObject_value25","jsonObject_value26","jsonObject_value21_2","jsonObject_value22_2","jsonObject_value23_2","jsonObject_value24_2","jsonObject_value25_2","jsonObject_value26_2","jsonObject_value21_3","jsonObject_value22_3","jsonObject_value23_3","jsonObject_value24_3","jsonObject_value25_3","jsonObject_value26_3","[]","jsonObject_value30","jsonObject_value31","jsonObject_value32","jsonObject_value33","jsonObject_value35","jsonObject_value36","jsonObject_value37","jsonObject_value40","jsonObject_value41","jsonObject_value43","jsonObject_value44","jsonObject_value46","jsonObject_value47","jsonObject_value48","jsonObject_value49","true","false","jsonObject_value54","jsonObject_value55","jsonObject_value56","jsonObject_value57","null","jsonObject_value59","jsonObject_value61","jsonObject_value62","jsonObject_value63","3","[""jsonObject_value65-1"",""jsonObject_value65-2"",""jsonObject_value65-3""]","jsonObject_value66","false","false","jsonObject_value69","jsonObject_value70","jsonObject_value71","jsonObject_value73","jsonObject_value74","jsonObject_value75","jsonObject_value77","[""jsonObject_value78""]","null","80",,,,,,,,,,,,,,,,,,,,,,,,,,,,,,,,,,,,,,,,,,,,,,,,,,,,,,,,,,,,,,
"0","{}","[]","[{}]","[{},{}]","jsonObject_value1_3","aValue","[]","{}","[{}]","[{},{""a"":""aValue"",""b"":[]},{},{""a"":{},""b"":[{}]}]","","jsonObject_value5","jsonObject_value7","jsonObject_value8","jsonObject_value9","json_value10","jsonObject_value13","jsonObject_value14","jsonObject_value16","jsonObject_value18","jsonObject_value21","jsonObject_value22","jsonObject_value23","jsonObject_value24","jsonObject_value25","jsonObject_value26","jsonObject_value21_2","jsonObject_value22_2","jsonObject_value23_2","jsonObject_value24_2","jsonObject_value25_2","jsonObject_value26_2","jsonObject_value21_3","jsonObject_value22_3","jsonObject_value23_3","jsonObject_value24_3","jsonObject_value25_3","jsonObject_value26_3","[]","jsonObject_value30","jsonObject_value31","jsonObject_value32","jsonObject_value33","jsonObject_value35","jsonObject_value36","jsonObject_value37","jsonObject_value40","jsonObject_value41","jsonObject_value43","jsonObject_value44","jsonObject_value46","jsonObject_value47","jsonObject_value48","jsonObject_value49","true","false","jsonObject_value54","jsonObject_value55","jsonObject_value56","jsonObject_value57","null","jsonObject_value59","jsonObject_value61","jsonObject_value62","jsonObject_value63","3","[""jsonObject_value65-1"",""jsonObject_value65-2"",""jsonObject_value65-3""]","jsonObject_value66","false","false","jsonObject_value69","jsonObject_value70","jsonObject_value71","jsonObject_value73","jsonObject_value74","jsonObject_value75","jsonObject_value77","[""jsonObject_value78""]","null","80",,,,,,,,,,,,,,,,,,,,,,,,,,,,,,,,,,,,,,,,,,,,,,,,,,,,,,,,,,,,,,
"0","{}","[]","[{}]","[{},{}]","jsonObject_value1_3","aValue","[]","{}","[{}]","[{},{""a"":""aValue"",""b"":[]},{},{""a"":{},""b"":[{}]}]","","jsonObject_value5","jsonObject_value7","jsonObject_value8","jsonObject_value9","json_value10","jsonObject_value13","jsonObject_value14","jsonObject_value16","jsonObject_value18","jsonObject_value21","jsonObject_value22","jsonObject_value23","jsonObject_value24","jsonObject_value25","jsonObject_value26","jsonObject_value21_2","jsonObject_value22_2","jsonObject_value23_2","jsonObject_value24_2","jsonObject_value25_2","jsonObject_value26_2","jsonObject_value21_3","jsonObject_value22_3","jsonObject_value23_3","jsonObject_value24_3","jsonObject_value25_3","jsonObject_value26_3","[]","jsonObject_value30","jsonObject_value31","jsonObject_value32","jsonObject_value33","jsonObject_value35","jsonObject_value36","jsonObject_value37","jsonObject_value40","jsonObject_value41","jsonObject_value43","jsonObject_value44","jsonObject_value46","jsonObject_value47","jsonObject_value48","jsonObject_value49","true","false","jsonObject_value54","jsonObject_value55","jsonObject_value56","jsonObject_value57","null","jsonObject_value59","jsonObject_value61","jsonObject_value62","jsonObject_value63","3","[""jsonObject_value65-1"",""jsonObject_value65-2"",""jsonObject_value65-3""]","jsonObject_value66","false","false","jsonObject_value69","jsonObject_value70","jsonObject_value71","jsonObject_value73","jsonObject_value74","jsonObject_value75","jsonObject_value77","[""jsonObject_value78""]","null","80",,,,,,,,,,,,,,,,,,,,,,,,,,,,,,,,,,,,,,,,,,,,,,,,,,,,,,,,,,,,,,
"0","{}","[]","[{}]","[{},{}]","jsonObject_value1_3","aValue","[]","{}","[{}]","[{},{""a"":""aValue"",""b"":[]},{},{""a"":{},""b"":[{}]}]","","jsonObject_value5","jsonObject_value7","jsonObject_value8","jsonObject_value9","json_value10","jsonObject_value13","jsonObject_value14","jsonObject_value16","jsonObject_value18","jsonObject_value21","jsonObject_value22","jsonObject_value23","jsonObject_value24","jsonObject_value25","jsonObject_value26","jsonObject_value21_2","jsonObject_value22_2","jsonObject_value23_2","jsonObject_value24_2","jsonObject_value25_2","jsonObject_value26_2","jsonObject_value21_3","jsonObject_value22_3","jsonObject_value23_3","jsonObject_value24_3","jsonObject_value25_3","jsonObject_value26_3","[]","jsonObject_value30","jsonObject_value31","jsonObject_value32","jsonObject_value33","jsonObject_value35","jsonObject_value36","jsonObject_value37","jsonObject_value40","jsonObject_value41","jsonObject_value43","jsonObject_value44","jsonObject_value46","jsonObject_value47","jsonObject_value48","jsonObject_value49","true","false","jsonObject_value54","jsonObject_value55","jsonObject_value56","jsonObject_value57","null","jsonObject_value59","jsonObject_value61","jsonObject_value62","jsonObject_value63","3","[""jsonObject_value65-1"",""jsonObject_value65-2"",""jsonObject_value65-3""]","jsonObject_value66","false","false","jsonObject_value69","jsonObject_value70","jsonObject_value71","jsonObject_value73","jsonObject_value74","jsonObject_value75","jsonObject_value77","[""jsonObject_value78""]","null","80",,,,,,,,,,,,,,,,,,,,,,,,,,,,,,,,,,,,,,,,,,,,,,,,,,,,,,,,,,,,,,
"0","{}","[]","[{}]","[{},{}]","jsonObject_value1_3","aValue","[]","{}","[{}]","[{},{""a"":""aValue"",""b"":[]},{},{""a"":{},""b"":[{}]}]","","jsonObject_value5","jsonObject_value7","jsonObject_value8","jsonObject_value9","json_value10","jsonObject_value13","jsonObject_value14","jsonObject_value16","jsonObject_value18","jsonObject_value21","jsonObject_value22","jsonObject_value23","jsonObject_value24","jsonObject_value25","jsonObject_value26","jsonObject_value21_2","jsonObject_value22_2","jsonObject_value23_2","jsonObject_value24_2","jsonObject_value25_2","jsonObject_value26_2","jsonObject_value21_3","jsonObject_value22_3","jsonObject_value23_3","jsonObject_value24_3","jsonObject_value25_3","jsonObject_value26_3","[]","jsonObject_value30","jsonObject_value31","jsonObject_value32","jsonObject_value33","jsonObject_value35","jsonObject_value36","jsonObject_value37","jsonObject_value40","jsonObject_value41","jsonObject_value43","jsonObject_value44","jsonObject_value46","jsonObject_value47","jsonObject_value48","jsonObject_value49","true","false","jsonObject_value54","jsonObject_value55","jsonObject_value56","jsonObject_value57","null","jsonObject_value59","jsonObject_value61","jsonObject_value62","jsonObject_value63","3","[""jsonObject_value65-1"",""jsonObject_value65-2"",""jsonObject_value65-3""]","jsonObject_value66","false","false","jsonObject_value69","jsonObject_value70","jsonObject_value71","jsonObject_value73","jsonObject_value74","jsonObject_value75","jsonObject_value77","[""jsonObject_value78""]","null","80",,,,,,,,,,,,,,,,,,,,,,,,,,,,,,,,,,,,,,,,,,,,,,,,,,,,,,,,,,,,,,
"0","{}","[]","[{}]","[{},{}]","jsonObject_value1_3","aValue","[]","{}","[{}]","[{},{""a"":""aValue"",""b"":[]},{},{""a"":{},""b"":[{}]}]","","jsonObject_value5","jsonObject_value7","jsonObject_value8","jsonObject_value9","json_value10","jsonObject_value13","jsonObject_value14","jsonObject_value16","jsonObject_value18","jsonObject_value21","jsonObject_value22","jsonObject_value23","jsonObject_value24","jsonObject_value25","jsonObject_value26","jsonObject_value21_2","jsonObject_value22_2","jsonObject_value23_2","jsonObject_value24_2","jsonObject_value25_2","jsonObject_value26_2","jsonObject_value21_3","jsonObject_value22_3","jsonObject_value23_3","jsonObject_value24_3","jsonObject_value25_3","jsonObject_value26_3","[]","jsonObject_value30","jsonObject_value31","jsonObject_value32","jsonObject_value33","jsonObject_value35","jsonObject_value36","jsonObject_value37","jsonObject_value40","jsonObject_value41","jsonObject_value43","jsonObject_value44","jsonObject_value46","jsonObject_value47","jsonObject_value48","jsonObject_value49","true","false","jsonObject_value54","jsonObject_value55","jsonObject_value56","jsonObject_value57","null","jsonObject_value59","jsonObject_value61","jsonObject_value62","jsonObject_value63","3","[""jsonObject_value65-1"",""jsonObject_value65-2"",""jsonObject_value65-3""]","jsonObject_value66","false","false","jsonObject_value69","jsonObject_value70","jsonObject_value71","jsonObject_value73","jsonObject_value74","jsonObject_value75","jsonObject_value77","[""jsonObject_value78""]","null","80",,,,,,,,,,,,,,,,,,,,,,,,,,,,,,,,,,,,,,,,,,,,,,,,,,,,,,,,,,,,,,
"0","{}","[]","[{}]","[{},{}]","jsonObject_value1_3","aValue","[]","{}","[{}]","[{},{""a"":""aValue"",""b"":[]},{},{""a"":{},""b"":[{}]}]","","jsonObject_value5","jsonObject_value7","jsonObject_value8","jsonObject_value9","json_value10","jsonObject_value13","jsonObject_value14","jsonObject_value16","jsonObject_value18","jsonObject_value21","jsonObject_value22","jsonObject_value23","jsonObject_value24","jsonObject_value25","jsonObject_value26","jsonObject_value21_2","jsonObject_value22_2","jsonObject_value23_2","jsonObject_value24_2","jsonObject_value25_2","jsonObject_value26_2","jsonObject_value21_3","jsonObject_value22_3","jsonObject_value23_3","jsonObject_value24_3","jsonObject_value25_3","jsonObject_value26_3","[]","jsonObject_value30","jsonObject_value31","jsonObject_value32","jsonObject_value33","jsonObject_value35","jsonObject_value36","jsonObject_value37","jsonObject_value40","jsonObject_value41","jsonObject_value43","jsonObject_value44","jsonObject_value46","jsonObject_value47","jsonObject_value48","jsonObject_value49","true","false","jsonObject_value54","jsonObject_value55","jsonObject_value56","jsonObject_value57","null","jsonObject_value59","jsonObject_value61","jsonObject_value62","jsonObject_value63","3","[""jsonObject_value65-1"",""jsonObject_value65-2"",""jsonObject_value65-3""]","jsonObject_value66","false","false","jsonObject_value69","jsonObject_value70","jsonObject_value71","jsonObject_value73","jsonObject_value74","jsonObject_value75","jsonObject_value77","[""jsonObject_value78""]","null","80",,,,,,,,,,,,,,,,,,,,,,,,,,,,,,,,,,,,,,,,,,,,,,,,,,,,,,,,,,,,,,
"0","{}","[]","[{}]","[{},{}]","jsonObject_value1_3","aValue","[]","{}","[{}]","[{},{""a"":""aValue"",""b"":[]},{},{""a"":{},""b"":[{}]}]","","jsonObject_value5","jsonObject_value7","jsonObject_value8","jsonObject_value9","json_value10","jsonObject_value13","jsonObject_value14","jsonObject_value16","jsonObject_value18","jsonObject_value21","jsonObject_value22","jsonObject_value23","jsonObject_value24","jsonObject_value25","jsonObject_value26","jsonObject_value21_2","jsonObject_value22_2","jsonObject_value23_2","jsonObject_value24_2","jsonObject_value25_2","jsonObject_value26_2","jsonObject_value21_3","jsonObject_value22_3","jsonObject_value23_3","jsonObject_value24_3","jsonObject_value25_3","jsonObject_value26_3","[]","jsonObject_value30","jsonObject_value31","jsonObject_value32","jsonObject_value33","jsonObject_value35","jsonObject_value36","jsonObject_value37","jsonObject_value40","jsonObject_value41","jsonObject_value43","jsonObject_value44","jsonObject_value46","jsonObject_value47","jsonObject_value48","jsonObject_value49","true","false","jsonObject_value54","jsonObject_value55","jsonObject_value56","jsonObject_value57","null","jsonObject_value59","jsonObject_value61","jsonObject_value62","jsonObject_value63","3","[""jsonObject_value65-1"",""jsonObject_value65-2"",""jsonObject_value65-3""]","jsonObject_value66","false","false","jsonObject_value69","jsonObject_value70","jsonObject_value71","jsonObject_value73","jsonObject_value74","jsonObject_value75","jsonObject_value77","[""jsonObject_value78""]","null","80",,,,,,,,,,,,,,,,,,,,,,,,,,,,,,,,,,,,,,,,,,,,,,,,,,,,,,,,,,,,,,
"0","{}","[]","[{}]","[{},{}]","jsonObject_value1_3","aValue","[]","{}","[{}]","[{},{""a"":""aValue"",""b"":[]},{},{""a"":{},""b"":[{}]}]","","jsonObject_value5","jsonObject_value7","jsonObject_value8","jsonObject_value9","json_value10","jsonObject_value13","jsonObject_value14","jsonObject_value16","jsonObject_value18","jsonObject_value21","jsonObject_value22","jsonObject_value23","jsonObject_value24","jsonObject_value25","jsonObject_value26","jsonObject_value21_2","jsonObject_value22_2","jsonObject_value23_2","jsonObject_value24_2","jsonObject_value25_2","jsonObject_value26_2","jsonObject_value21_3","jsonObject_value22_3","jsonObject_value23_3","jsonObject_value24_3","jsonObject_value25_3","jsonObject_value26_3","[]","jsonObject_value30","jsonObject_value31","jsonObject_value32","jsonObject_value33","jsonObject_value35","jsonObject_value36","jsonObject_value37","jsonObject_value40","jsonObject_value41","jsonObject_value43","jsonObject_value44","jsonObject_value46","jsonObject_value47","jsonObject_value48","jsonObject_value49","true","false","jsonObject_value54","jsonObject_value55","jsonObject_value56","jsonObject_value57","null","jsonObject_value59","jsonObject_value61","jsonObject_value62","jsonObject_value63","3","[""jsonObject_value65-1"",""jsonObject_value65-2"",""jsonObject_value65-3""]","jsonObject_value66","false","false","jsonObject_value69","jsonObject_value70","jsonObject_value71","jsonObject_value73","jsonObject_value74","jsonObject_value75","jsonObject_value77","[""jsonObject_value78""]","null","80",,,,,,,,,,,,,,,,,,,,,,,,,,,,,,,,,,,,,,,,,,,,,,,,,,,,,,,,,,,,,,
"0","{}","[]","[{}]","[{},{}]","jsonObject_value1_3","aValue","[]","{}","[{}]","[{},{""a"":""aValue"",""b"":[]},{},{""a"":{},""b"":[{}]}]","","jsonObject_value5","jsonObject_value7","jsonObject_value8","jsonObject_value9","json_value10","jsonObject_value13","jsonObject_value14","jsonObject_value16","jsonObject_value18","jsonObject_value21","jsonObject_value22","jsonObject_value23","jsonObject_value24","jsonObject_value25","jsonObject_value26","jsonObject_value21_2","jsonObject_value22_2","jsonObject_value23_2","jsonObject_value24_2","jsonObject_value25_2","jsonObject_value26_2","jsonObject_value21_3","jsonObject_value22_3","jsonObject_value23_3","jsonObject_value24_3","jsonObject_value25_3","jsonObject_value26_3","[]","jsonObject_value30","jsonObject_value31","jsonObject_value32","jsonObject_value33","jsonObject_value35","jsonObject_value36","jsonObject_value37","jsonObject_value40","jsonObject_value41","jsonObject_value43","jsonObject_value44","jsonObject_value46","jsonObject_value47","jsonObject_value48","jsonObject_value49","true","false","jsonObject_value54","jsonObject_value55","jsonObject_value56","jsonObject_value57","null","jsonObject_value59","jsonObject_value61","jsonObject_value62","jsonObject_value63","3","[""jsonObject_value65-1"",""jsonObject_value65-2"",""jsonObject_value65-3""]","jsonObject_value66","false","false","jsonObject_value69","jsonObject_value70","jsonObject_value71","jsonObject_value73","jsonObject_value74","jsonObject_value75","jsonObject_value77","[""jsonObject_value78""]","null","80",,,,,,,,,,,,,,,,,,,,,,,,,,,,,,,,,,,,,,,,,,,,,,,,,,,,,,,,,,,,,,
"0","{}","[]","[{}]","[{},{}]","jsonObject_value1_3","aValue","[]","{}","[{}]","[{},{""a"":""aValue"",""b"":[]},{},{""a"":{},""b"":[{}]}]","","jsonObject_value5","jsonObject_value7","jsonObject_value8","jsonObject_value9","json_value10","jsonObject_value13","jsonObject_value14","jsonObject_value16","jsonObject_value18","jsonObject_value21","jsonObject_value22","jsonObject_value23","jsonObject_value24","jsonObject_value25","jsonObject_value26","jsonObject_value21_2","jsonObject_value22_2","jsonObject_value23_2","jsonObject_value24_2","jsonObject_value25_2","jsonObject_value26_2","jsonObject_value21_3","jsonObject_value22_3","jsonObject_value23_3","jsonObject_value24_3","jsonObject_value25_3","jsonObject_value26_3","[]","jsonObject_value30","jsonObject_value31","jsonObject_value32","jsonObject_value33","jsonObject_value35","jsonObject_value36","jsonObject_value37","jsonObject_value40","jsonObject_value41","jsonObject_value43","jsonObject_value44","jsonObject_value46","jsonObject_value47","jsonObject_value48","jsonObject_value49","true","false","jsonObject_value54","jsonObject_value55","jsonObject_value56","jsonObject_value57","null","jsonObject_value59","jsonObject_value61","jsonObject_value62","jsonObject_value63","3","[""jsonObject_value65-1"",""jsonObject_value65-2"",""jsonObject_value65-3""]","jsonObject_value66","false","false","jsonObject_value69","jsonObject_value70","jsonObject_value71","jsonObject_value73","jsonObject_value74","jsonObject_value75","jsonObject_value77","[""jsonObject_value78""]","null","80",,,,,,,,,,,,,,,,,,,,,,,,,,,,,,,,,,,,,,,,,,,,,,,,,,,,,,,,,,,,,,
"0","{}","[]","[{}]","[{},{}]","jsonObject_value1_3","aValue","[]","{}","[{}]","[{},{""a"":""aValue"",""b"":[]},{},{""a"":{},""b"":[{}]}]","","jsonObject_value5","jsonObject_value7","jsonObject_value8","jsonObject_value9","json_value10","jsonObject_value13","jsonObject_value14","jsonObject_value16","jsonObject_value18","jsonObject_value21","jsonObject_value22","jsonObject_value23","jsonObject_value24","jsonObject_value25","jsonObject_value26","jsonObject_value21_2","jsonObject_value22_2","jsonObject_value23_2","jsonObject_value24_2","jsonObject_value25_2","jsonObject_value26_2","jsonObject_value21_3","jsonObject_value22_3","jsonObject_value23_3","jsonObject_value24_3","jsonObject_value25_3","jsonObject_value26_3","[]","jsonObject_value30","jsonObject_value31","jsonObject_value32","jsonObject_value33","jsonObject_value35","jsonObject_value36","jsonObject_value37","jsonObject_value40","jsonObject_value41","jsonObject_value43","jsonObject_value44","jsonObject_value46","jsonObject_value47","jsonObject_value48","jsonObject_value49","true","false","jsonObject_value54","jsonObject_value55","jsonObject_value56","jsonObject_value57","null","jsonObject_value59","jsonObject_value61","jsonObject_value62","jsonObject_value63","3","[""jsonObject_value65-1"",""jsonObject_value65-2"",""jsonObject_value65-3""]","jsonObject_value66","false","false","jsonObject_value69","jsonObject_value70","jsonObject_value71","jsonObject_value73","jsonObject_value74","jsonObject_value75","jsonObject_value77","[""jsonObject_value78""]","null","80",,,,,,,,,,,,,,,,,,,,,,,,,,,,,,,,,,,,,,,,,,,,,,,,,,,,,,,,,,,,,,
"0","{}","[]","[{}]","[{},{}]","jsonObject_value1_3","aValue","[]","{}","[{}]","[{},{""a"":""aValue"",""b"":[]},{},{""a"":{},""b"":[{}]}]","","jsonObject_value5","jsonObject_value7","jsonObject_value8","jsonObject_value9","json_value10","jsonObject_value13","jsonObject_value14","jsonObject_value16","jsonObject_value18","jsonObject_value21","jsonObject_value22","jsonObject_value23","jsonObject_value24","jsonObject_value25","jsonObject_value26","jsonObject_value21_2","jsonObject_value22_2","jsonObject_value23_2","jsonObject_value24_2","jsonObject_value25_2","jsonObject_value26_2","jsonObject_value21_3","jsonObject_value22_3","jsonObject_value23_3","jsonObject_value24_3","jsonObject_value25_3","jsonObject_value26_3","[]","jsonObject_value30","jsonObject_value31","jsonObject_value32","jsonObject_value33","jsonObject_value35","jsonObject_value36","jsonObject_value37","jsonObject_value40","jsonObject_value41","jsonObject_value43","jsonObject_value44","jsonObject_value46","jsonObject_value47","jsonObject_value48","jsonObject_value49","true","false","jsonObject_value54","jsonObject_value55","jsonObject_value56","jsonObject_value57","null","jsonObject_value59","jsonObject_value61","jsonObject_value62","jsonObject_value63","3","[""jsonObject_value65-1"",""jsonObject_value65-2"",""jsonObject_value65-3""]","jsonObject_value66","false","false","jsonObject_value69","jsonObject_value70","jsonObject_value71","jsonObject_value73","jsonObject_value74","jsonObject_value75","jsonObject_value77","[""jsonObject_value78""]","null","80",,,,,,,,,,,,,,,,,,,,,,,,,,,,,,,,,,,,,,,,,,,,,,,,,,,,,,,,,,,,,,
"0","{}","[]","[{}]","[{},{}]","jsonObject_value1_3","aValue","[]","{}","[{}]","[{},{""a"":""aValue"",""b"":[]},{},{""a"":{},""b"":[{}]}]","","jsonObject_value5","jsonObject_value7","jsonObject_value8","jsonObject_value9","json_value10","jsonObject_value13","jsonObject_value14","jsonObject_value16","jsonObject_value18","jsonObject_value21","jsonObject_value22","jsonObject_value23","jsonObject_value24","jsonObject_value25","jsonObject_value26","jsonObject_value21_2","jsonObject_value22_2","jsonObject_value23_2","jsonObject_value24_2","jsonObject_value25_2","jsonObject_value26_2","jsonObject_value21_3","jsonObject_value22_3","jsonObject_value23_3","jsonObject_value24_3","jsonObject_value25_3","jsonObject_value26_3","[]","jsonObject_value30","jsonObject_value31","jsonObject_value32","jsonObject_value33","jsonObject_value35","jsonObject_value36","jsonObject_value37","jsonObject_value40","jsonObject_value41","jsonObject_value43","jsonObject_value44","jsonObject_value46","jsonObject_value47","jsonObject_value48","jsonObject_value49","true","false","jsonObject_value54","jsonObject_value55","jsonObject_value56","jsonObject_value57","null","jsonObject_value59","jsonObject_value61","jsonObject_value62","jsonObject_value63","3","[""jsonObject_value65-1"",""jsonObject_value65-2"",""jsonObject_value65-3""]","jsonObject_value66","false","false","jsonObject_value69","jsonObject_value70","jsonObject_value71","jsonObject_value73","jsonObject_value74","jsonObject_value75","jsonObject_value77","[""jsonObject_value78""]","null","80",,,,,,,,,,,,,,,,,,,,,,,,,,,,,,,,,,,,,,,,,,,,,,,,,,,,,,,,,,,,,,
"0","{}","[]","[{}]","[{},{}]","jsonObject_value1_3","aValue","[]","{}","[{}]","[{},{""a"":""aValue"",""b"":[]},{},{""a"":{},""b"":[{}]}]","","jsonObject_value5","jsonObject_value7","jsonObject_value8","jsonObject_value9","json_value10","jsonObject_value13","jsonObject_value14","jsonObject_value16","jsonObject_value18","jsonObject_value21","jsonObject_value22","jsonObject_value23","jsonObject_value24","jsonObject_value25","jsonObject_value26","jsonObject_value21_2","jsonObject_value22_2","jsonObject_value23_2","jsonObject_value24_2","jsonObject_value25_2","jsonObject_value26_2","jsonObject_value21_3","jsonObject_value22_3","jsonObject_value23_3","jsonObject_value24_3","jsonObject_value25_3","jsonObject_value26_3","[]","jsonObject_value30","jsonObject_value31","jsonObject_value32","jsonObject_value33","jsonObject_value35","jsonObject_value36","jsonObject_value37","jsonObject_value40","jsonObject_value41","jsonObject_value43","jsonObject_value44","jsonObject_value46","jsonObject_value47","jsonObject_value48","jsonObject_value49","true","false","jsonObject_value54","jsonObject_value55","jsonObject_value56","jsonObject_value57","null","jsonObject_value59","jsonObject_value61","jsonObject_value62","jsonObject_value63","3","[""jsonObject_value65-1"",""jsonObject_value65-2"",""jsonObject_value65-3""]","jsonObject_value66","false","false","jsonObject_value69","jsonObject_value70","jsonObject_value71","jsonObject_value73","jsonObject_value74","jsonObject_value75","jsonObject_value77","[""jsonObject_value78""]","null","80",,,,,,,,,,,,,,,,,,,,,,,,,,,,,,,,,,,,,,,,,,,,,,,,,,,,,,,,,,,,,,
"0",,"{}","[]","[{}]","[{},{}]",,,,,,,,,,,,,,,,,,,,,,,,,,,,,,,,,,,,,,,,,,,,,,,,,,,,,,,,,,,,,,,,,,,,,,,,,,,,"aValue","[]","{}","[{}]","[{},{""a"":""aValue"",""b"":[]},{""a"":{},""b"":[{}]},{}]","jsonArray_value2","jsonArray_value3","0.55","jsonArray_value7","jsonArray_value8","jsonArray_value9","json_value10","jsonArray_value11","jsonArray_value12","jsonArray_value13","jsonArray_value14 jsonArray_value","jsonArray_value15","None","jsonArray_value17","jsonArray_value18","jsonArray_value19","jsonArray_value20","true","jsonArray_value22 22","jsonArray_value23","jsonArray_value24 24-1 24-2","jsonArray_value25","jsonArray_value26","jsonArray_value27","jsonArray_value28","jsonArray_value29","jsonArray_value30","jsonArray_value31","0.95","null","jsonArray_value36","false","jsonArray_value39","jsonArray_value40","jsonArray_value41","jsonArray_value42","jsonArray_value43","jsonArray_value44","jsonArray_value45","jsonArray_value46","jsonArray_value47","jsonArray_value48","jsonArray_value49","jsonArray_value50 jsonArray_value50","0.15","jsonArray_value54","jsonArray_value55","jsonArray_value56","jsonArray_value57","jsonArray_value59","jsonArray_value60","jsonArray_value61","jsonArray_value62","jsonArray_value63","jsonArray_value64","jsonArray_value65","66"
"0",,"{}","[]","[{}]","[{},{}]",,,,,,,,,,,,,,,,,,,,,,,,,,,,,,,,,,,,,,,,,,,,,,,,,,,,,,,,,,,,,,,,,,,,,,,,,,,,"aValue","[]","{}","[{}]","[{},{""a"":""aValue"",""b"":[]},{""a"":{},""b"":[{}]},{}]","jsonArray_value2","jsonArray_value3","0.55","jsonArray_value7","jsonArray_value8","jsonArray_value9","json_value10","jsonArray_value11","jsonArray_value12","jsonArray_value13","jsonArray_value14 jsonArray_value","jsonArray_value15","None","jsonArray_value17","jsonArray_value18","jsonArray_value19","jsonArray_value20","true","jsonArray_value22 22","jsonArray_value23","jsonArray_value24 24-1 24-2","jsonArray_value25","jsonArray_value26","jsonArray_value27","jsonArray_value28","jsonArray_value29","jsonArray_value30","jsonArray_value31","0.95","null","jsonArray_value36","false","jsonArray_value39","jsonArray_value40","jsonArray_value41","jsonArray_value42","jsonArray_value43","jsonArray_value44","jsonArray_value45","jsonArray_value46","jsonArray_value47","jsonArray_value48","jsonArray_value49","jsonArray_value50 jsonArray_value50","0.15","jsonArray_value54","jsonArray_value55","jsonArray_value56","jsonArray_value57","jsonArray_value59","jsonArray_value60","jsonArray_value61","jsonArray_value62","jsonArray_value63","jsonArray_value64","jsonArray_value65","66"
"0",,"{}","[]","[{}]","[{},{}]",,,,,,,,,,,,,,,,,,,,,,,,,,,,,,,,,,,,,,,,,,,,,,,,,,,,,,,,,,,,,,,,,,,,,,,,,,,,"aValue","[]","{}","[{}]","[{},{""a"":""aValue"",""b"":[]},{""a"":{},""b"":[{}]},{}]","jsonArray_value2","jsonArray_value3","0.55","jsonArray_value7","jsonArray_value8","jsonArray_value9","json_value10","jsonArray_value11","jsonArray_value12","jsonArray_value13","jsonArray_value14 jsonArray_value","jsonArray_value15","None","jsonArray_value17","jsonArray_value18","jsonArray_value19","jsonArray_value20","true","jsonArray_value22 22","jsonArray_value23","jsonArray_value24 24-1 24-2","jsonArray_value25","jsonArray_value26","jsonArray_value27","jsonArray_value28","jsonArray_value29","jsonArray_value30","jsonArray_value31","0.95","null","jsonArray_value36","false","jsonArray_value39","jsonArray_value40","jsonArray_value41","jsonArray_value42","jsonArray_value43","jsonArray_value44","jsonArray_value45","jsonArray_value46","jsonArray_value47","jsonArray_value48","jsonArray_value49","jsonArray_value50 jsonArray_value50","0.15","jsonArray_value54","jsonArray_value55","jsonArray_value56","jsonArray_value57","jsonArray_value59","jsonArray_value60","jsonArray_value61","jsonArray_value62","jsonArray_value63","jsonArray_value64","jsonArray_value65","66"
"0",,"{}","[]","[{}]","[{},{}]",,,,,,,,,,,,,,,,,,,,,,,,,,,,,,,,,,,,,,,,,,,,,,,,,,,,,,,,,,,,,,,,,,,,,,,,,,,,"aValue","[]","{}","[{}]","[{},{""a"":""aValue"",""b"":[]},{""a"":{},""b"":[{}]},{}]","jsonArray_value2","jsonArray_value3","0.55","jsonArray_value7","jsonArray_value8","jsonArray_value9","json_value10","jsonArray_value11","jsonArray_value12","jsonArray_value13","jsonArray_value14 jsonArray_value","jsonArray_value15","None","jsonArray_value17","jsonArray_value18","jsonArray_value19","jsonArray_value20","true","jsonArray_value22 22","jsonArray_value23","jsonArray_value24 24-1 24-2","jsonArray_value25","jsonArray_value26","jsonArray_value27","jsonArray_value28","jsonArray_value29","jsonArray_value30","jsonArray_value31","0.95","null","jsonArray_value36","false","jsonArray_value39","jsonArray_value40","jsonArray_value41","jsonArray_value42","jsonArray_value43","jsonArray_value44","jsonArray_value45","jsonArray_value46","jsonArray_value47","jsonArray_value48","jsonArray_value49","jsonArray_value50 jsonArray_value50","0.15","jsonArray_value54","jsonArray_value55","jsonArray_value56","jsonArray_value57","jsonArray_value59","jsonArray_value60","jsonArray_value61","jsonArray_value62","jsonArray_value63","jsonArray_value64","jsonArray_value65","66"
"0",,"{}","[]","[{}]","[{},{}]",,,,,,,,,,,,,,,,,,,,,,,,,,,,,,,,,,,,,,,,,,,,,,,,,,,,,,,,,,,,,,,,,,,,,,,,,,,,"aValue","[]","{}","[{}]","[{},{""a"":""aValue"",""b"":[]},{""a"":{},""b"":[{}]},{}]","jsonArray_value2","jsonArray_value3","0.55","jsonArray_value7","jsonArray_value8","jsonArray_value9","json_value10","jsonArray_value11","jsonArray_value12","jsonArray_value13","jsonArray_value14 jsonArray_value","jsonArray_value15","None","jsonArray_value17","jsonArray_value18","jsonArray_value19","jsonArray_value20","true","jsonArray_value22 22","jsonArray_value23","jsonArray_value24 24-1 24-2","jsonArray_value25","jsonArray_value26","jsonArray_value27","jsonArray_value28","jsonArray_value29","jsonArray_value30","jsonArray_value31","0.95","null","jsonArray_value36","false","jsonArray_value39","jsonArray_value40","jsonArray_value41","jsonArray_value42","jsonArray_value43","jsonArray_value44","jsonArray_value45","jsonArray_value46","jsonArray_value47","jsonArray_value48","jsonArray_value49","jsonArray_value50 jsonArray_value50","0.15","jsonArray_value54","jsonArray_value55","jsonArray_value56","jsonArray_value57","jsonArray_value59","jsonArray_value60","jsonArray_value61","jsonArray_value62","jsonArray_value63","jsonArray_value64","jsonArray_value65","66"
"0",,"{}","[]","[{}]","[{},{}]",,,,,,,,,,,,,,,,,,,,,,,,,,,,,,,,,,,,,,,,,,,,,,,,,,,,,,,,,,,,,,,,,,,,,,,,,,,,"aValue","[]","{}","[{}]","[{},{""a"":""aValue"",""b"":[]},{""a"":{},""b"":[{}]},{}]","jsonArray_value2","jsonArray_value3","0.55","jsonArray_value7","jsonArray_value8","jsonArray_value9","json_value10","jsonArray_value11","jsonArray_value12","jsonArray_value13","jsonArray_value14 jsonArray_value","jsonArray_value15","None","jsonArray_value17","jsonArray_value18","jsonArray_value19","jsonArray_value20","true","jsonArray_value22 22","jsonArray_value23","jsonArray_value24 24-1 24-2","jsonArray_value25","jsonArray_value26","jsonArray_value27","jsonArray_value28","jsonArray_value29","jsonArray_value30","jsonArray_value31","0.95","null","jsonArray_value36","false","jsonArray_value39","jsonArray_value40","jsonArray_value41","jsonArray_value42","jsonArray_value43","jsonArray_value44","jsonArray_value45","jsonArray_value46","jsonArray_value47","jsonArray_value48","jsonArray_value49","jsonArray_value50 jsonArray_value50","0.15","jsonArray_value54","jsonArray_value55","jsonArray_value56","jsonArray_value57","jsonArray_value59","jsonArray_value60","jsonArray_value61","jsonArray_value62","jsonArray_value63","jsonArray_value64","jsonArray_value65","66"
"0",,"{}","[]","[{}]","[{},{}]",,,,,,,,,,,,,,,,,,,,,,,,,,,,,,,,,,,,,,,,,,,,,,,,,,,,,,,,,,,,,,,,,,,,,,,,,,,,"aValue","[]","{}","[{}]","[{},{""a"":""aValue"",""b"":[]},{""a"":{},""b"":[{}]},{}]","jsonArray_value2","jsonArray_value3","0.55","jsonArray_value7","jsonArray_value8","jsonArray_value9","json_value10","jsonArray_value11","jsonArray_value12","jsonArray_value13","jsonArray_value14 jsonArray_value","jsonArray_value15","None","jsonArray_value17","jsonArray_value18","jsonArray_value19","jsonArray_value20","true","jsonArray_value22 22","jsonArray_value23","jsonArray_value24 24-1 24-2","jsonArray_value25","jsonArray_value26","jsonArray_value27","jsonArray_value28","jsonArray_value29","jsonArray_value30","jsonArray_value31","0.95","null","jsonArray_value36","false","jsonArray_value39","jsonArray_value40","jsonArray_value41","jsonArray_value42","jsonArray_value43","jsonArray_value44","jsonArray_value45","jsonArray_value46","jsonArray_value47","jsonArray_value48","jsonArray_value49","jsonArray_value50 jsonArray_value50","0.15","jsonArray_value54","jsonArray_value55","jsonArray_value56","jsonArray_value57","jsonArray_value59","jsonArray_value60","jsonArray_value61","jsonArray_value62","jsonArray_value63","jsonArray_value64","jsonArray_value65","66"
"0",,"{}","[]","[{}]","[{},{}]",,,,,,,,,,,,,,,,,,,,,,,,,,,,,,,,,,,,,,,,,,,,,,,,,,,,,,,,,,,,,,,,,,,,,,,,,,,,"aValue","[]","{}","[{}]","[{},{""a"":""aValue"",""b"":[]},{""a"":{},""b"":[{}]},{}]","jsonArray_value2","jsonArray_value3","0.55","jsonArray_value7","jsonArray_value8","jsonArray_value9","json_value10","jsonArray_value11","jsonArray_value12","jsonArray_value13","jsonArray_value14 jsonArray_value","jsonArray_value15","None","jsonArray_value17","jsonArray_value18","jsonArray_value19","jsonArray_value20","true","jsonArray_value22 22","jsonArray_value23","jsonArray_value24 24-1 24-2","jsonArray_value25","jsonArray_value26","jsonArray_value27","jsonArray_value28","jsonArray_value29","jsonArray_value30","jsonArray_value31","0.95","null","jsonArray_value36","false","jsonArray_value39","jsonArray_value40","jsonArray_value41","jsonArray_value42","jsonArray_value43","jsonArray_value44","jsonArray_value45","jsonArray_value46","jsonArray_value47","jsonArray_value48","jsonArray_value49","jsonArray_value50 jsonArray_value50","0.15","jsonArray_value54","jsonArray_value55","jsonArray_value56","jsonArray_value57","jsonArray_value59","jsonArray_value60","jsonArray_value61","jsonArray_value62","jsonArray_value63","jsonArray_value64","jsonArray_value65","66"
"0",,"{}","[]","[{}]","[{},{}]",,,,,,,,,,,,,,,,,,,,,,,,,,,,,,,,,,,,,,,,,,,,,,,,,,,,,,,,,,,,,,,,,,,,,,,,,,,,"aValue","[]","{}","[{}]","[{},{""a"":""aValue"",""b"":[]},{""a"":{},""b"":[{}]},{}]","jsonArray_value2","jsonArray_value3","0.55","jsonArray_value7","jsonArray_value8","jsonArray_value9","json_value10","jsonArray_value11","jsonArray_value12","jsonArray_value13","jsonArray_value14 jsonArray_value","jsonArray_value15","None","jsonArray_value17","jsonArray_value18","jsonArray_value19","jsonArray_value20","true","jsonArray_value22 22","jsonArray_value23","jsonArray_value24 24-1 24-2","jsonArray_value25","jsonArray_value26","jsonArray_value27","jsonArray_value28","jsonArray_value29","jsonArray_value30","jsonArray_value31","0.95","null","jsonArray_value36","false","jsonArray_value39","jsonArray_value40","jsonArray_value41","jsonArray_value42","jsonArray_value43","jsonArray_value44","jsonArray_value45","jsonArray_value46","jsonArray_value47","jsonArray_value48","jsonArray_value49","jsonArray_value50 jsonArray_value50","0.15","jsonArray_value54","jsonArray_value55","jsonArray_value56","jsonArray_value57","jsonArray_value59","jsonArray_value60","jsonArray_value61","jsonArray_value62","jsonArray_value63","jsonArray_value64","jsonArray_value65","66"
"0",,"{}","[]","[{}]","[{},{}]",,,,,,,,,,,,,,,,,,,,,,,,,,,,,,,,,,,,,,,,,,,,,,,,,,,,,,,,,,,,,,,,,,,,,,,,,,,,"aValue","[]","{}","[{}]","[{},{""a"":""aValue"",""b"":[]},{""a"":{},""b"":[{}]},{}]","jsonArray_value2","jsonArray_value3","0.55","jsonArray_value7","jsonArray_value8","jsonArray_value9","json_value10","jsonArray_value11","jsonArray_value12","jsonArray_value13","jsonArray_value14 jsonArray_value","jsonArray_value15","None","jsonArray_value17","jsonArray_value18","jsonArray_value19","jsonArray_value20","true","jsonArray_value22 22","jsonArray_value23","jsonArray_value24 24-1 24-2","jsonArray_value25","jsonArray_value26","jsonArray_value27","jsonArray_value28","jsonArray_value29","jsonArray_value30","jsonArray_value31","0.95","null","jsonArray_value36","false","jsonArray_value39","jsonArray_value40","jsonArray_value41","jsonArray_value42","jsonArray_value43","jsonArray_value44","jsonArray_value45","jsonArray_value46","jsonArray_value47","jsonArray_value48","jsonArray_value49","jsonArray_value50 jsonArray_value50","0.15","jsonArray_value54","jsonArray_value55","jsonArray_value56","jsonArray_value57","jsonArray_value59","jsonArray_value60","jsonArray_value61","jsonArray_value62","jsonArray_value63","jsonArray_value64","jsonArray_value65","66"
"0",,"{}","[]","[{}]","[{},{}]",,,,,,,,,,,,,,,,,,,,,,,,,,,,,,,,,,,,,,,,,,,,,,,,,,,,,,,,,,,,,,,,,,,,,,,,,,,,"aValue","[]","{}","[{}]","[{},{""a"":""aValue"",""b"":[]},{""a"":{},""b"":[{}]},{}]","jsonArray_value2","jsonArray_value3","0.55","jsonArray_value7","jsonArray_value8","jsonArray_value9","json_value10","jsonArray_value11","jsonArray_value12","jsonArray_value13","jsonArray_value14 jsonArray_value","jsonArray_value15","None","jsonArray_value17","jsonArray_value18","jsonArray_value19","jsonArray_value20","true","jsonArray_value22 22","jsonArray_value23","jsonArray_value24 24-1 24-2","jsonArray_value25","jsonArray_value26","jsonArray_value27","jsonArray_value28","jsonArray_value29","jsonArray_value30","jsonArray_value31","0.95","null","jsonArray_value36","false","jsonArray_value39","jsonArray_value40","jsonArray_value41","jsonArray_value42","jsonArray_value43","jsonArray_value44","jsonArray_value45","jsonArray_value46","jsonArray_value47","jsonArray_value48","jsonArray_value49","jsonArray_value50 jsonArray_value50","0.15","jsonArray_value54","jsonArray_value55","jsonArray_value56","jsonArray_value57","jsonArray_value59","jsonArray_value60","jsonArray_value61","jsonArray_value62","jsonArray_value63","jsonArray_value64","jsonArray_value65","66"
"0",,"{}","[]","[{}]","[{},{}]",,,,,,,,,,,,,,,,,,,,,,,,,,,,,,,,,,,,,,,,,,,,,,,,,,,,,,,,,,,,,,,,,,,,,,,,,,,,"aValue","[]","{}","[{}]","[{},{""a"":""aValue"",""b"":[]},{""a"":{},""b"":[{}]},{}]","jsonArray_value2","jsonArray_value3","0.55","jsonArray_value7","jsonArray_value8","jsonArray_value9","json_value10","jsonArray_value11","jsonArray_value12","jsonArray_value13","jsonArray_value14 jsonArray_value","jsonArray_value15","None","jsonArray_value17","jsonArray_value18","jsonArray_value19","jsonArray_value20","true","jsonArray_value22 22","jsonArray_value23","jsonArray_value24 24-1 24-2","jsonArray_value25","jsonArray_value26","jsonArray_value27","jsonArray_value28","jsonArray_value29","jsonArray_value30","jsonArray_value31","0.95","null","jsonArray_value36","false","jsonArray_value39","jsonArray_value40","jsonArray_value41","jsonArray_value42","jsonArray_value43","jsonArray_value44","jsonArray_value45","jsonArray_value46","jsonArray_value47","jsonArray_value48","jsonArray_value49","jsonArray_value50 jsonArray_value50","0.15","jsonArray_value54","jsonArray_value55","jsonArray_value56","jsonArray_value57","jsonArray_value59","jsonArray_value60","jsonArray_value61","jsonArray_value62","jsonArray_value63","jsonArray_value64","jsonArray_value65","66"
"0",,"{}","[]","[{}]","[{},{}]",,,,,,,,,,,,,,,,,,,,,,,,,,,,,,,,,,,,,,,,,,,,,,,,,,,,,,,,,,,,,,,,,,,,,,,,,,,,"aValue","[]","{}","[{}]","[{},{""a"":""aValue"",""b"":[]},{""a"":{},""b"":[{}]},{}]","jsonArray_value2","jsonArray_value3","0.55","jsonArray_value7","jsonArray_value8","jsonArray_value9","json_value10","jsonArray_value11","jsonArray_value12","jsonArray_value13","jsonArray_value14 jsonArray_value","jsonArray_value15","None","jsonArray_value17","jsonArray_value18","jsonArray_value19","jsonArray_value20","true","jsonArray_value22 22","jsonArray_value23","jsonArray_value24 24-1 24-2","jsonArray_value25","jsonArray_value26","jsonArray_value27","jsonArray_value28","jsonArray_value29","jsonArray_value30","jsonArray_value31","0.95","null","jsonArray_value36","false","jsonArray_value39","jsonArray_value40","jsonArray_value41","jsonArray_value42","jsonArray_value43","jsonArray_value44","jsonArray_value45","jsonArray_value46","jsonArray_value47","jsonArray_value48","jsonArray_value49","jsonArray_value50 jsonArray_value50","0.15","jsonArray_value54","jsonArray_value55","jsonArray_value56","jsonArray_value57","jsonArray_value59","jsonArray_value60","jsonArray_value61","jsonArray_value62","jsonArray_value63","jsonArray_value64","jsonArray_value65","66"
"0",,"{}","[]","[{}]","[{},{}]",,,,,,,,,,,,,,,,,,,,,,,,,,,,,,,,,,,,,,,,,,,,,,,,,,,,,,,,,,,,,,,,,,,,,,,,,,,,"aValue","[]","{}","[{}]","[{},{""a"":""aValue"",""b"":[]},{""a"":{},""b"":[{}]},{}]","jsonArray_value2","jsonArray_value3","0.55","jsonArray_value7","jsonArray_value8","jsonArray_value9","json_value10","jsonArray_value11","jsonArray_value12","jsonArray_value13","jsonArray_value14 jsonArray_value","jsonArray_value15","None","jsonArray_value17","jsonArray_value18","jsonArray_value19","jsonArray_value20","true","jsonArray_value22 22","jsonArray_value23","jsonArray_value24 24-1 24-2","jsonArray_value25","jsonArray_value26","jsonArray_value27","jsonArray_value28","jsonArray_value29","jsonArray_value30","jsonArray_value31","0.95","null","jsonArray_value36","false","jsonArray_value39","jsonArray_value40","jsonArray_value41","jsonArray_value42","jsonArray_value43","jsonArray_value44","jsonArray_value45","jsonArray_value46","jsonArray_value47","jsonArray_value48","jsonArray_value49","jsonArray_value50 jsonArray_value50","0.15","jsonArray_value54","jsonArray_value55","jsonArray_value56","jsonArray_value57","jsonArray_value59","jsonArray_value60","jsonArray_value61","jsonArray_value62","jsonArray_value63","jsonArray_value64","jsonArray_value65","66"
"0",,"{}","[]","[{}]","[{},{}]",,,,,,,,,,,,,,,,,,,,,,,,,,,,,,,,,,,,,,,,,,,,,,,,,,,,,,,,,,,,,,,,,,,,,,,,,,,,"aValue","[]","{}","[{}]","[{},{""a"":""aValue"",""b"":[]},{""a"":{},""b"":[{}]},{}]","jsonArray_value2","jsonArray_value3","0.55","jsonArray_value7","jsonArray_value8","jsonArray_value9","json_value10","jsonArray_value11","jsonArray_value12","jsonArray_value13","jsonArray_value14 jsonArray_value","jsonArray_value15","None","jsonArray_value17","jsonArray_value18","jsonArray_value19","jsonArray_value20","true","jsonArray_value22 22","jsonArray_value23","jsonArray_value24 24-1 24-2","jsonArray_value25","jsonArray_value26","jsonArray_value27","jsonArray_value28","jsonArray_value29","jsonArray_value30","jsonArray_value31","0.95","null","jsonArray_value36","false","jsonArray_value39","jsonArray_value40","jsonArray_value41","jsonArray_value42","jsonArray_value43","jsonArray_value44","jsonArray_value45","jsonArray_value46","jsonArray_value47","jsonArray_value48","jsonArray_value49","jsonArray_value50 jsonArray_value50","0.15","jsonArray_value54","jsonArray_value55","jsonArray_value56","jsonArray_value57","jsonArray_value59","jsonArray_value60","jsonArray_value61","jsonArray_value62","jsonArray_value63","jsonArray_value64","jsonArray_value65","66"
"0",,"{}","[]","[{}]","[{},{}]",,,,,,,,,,,,,,,,,,,,,,,,,,,,,,,,,,,,,,,,,,,,,,,,,,,,,,,,,,,,,,,,,,,,,,,,,,,,"aValue","[]","{}","[{}]","[{},{""a"":""aValue"",""b"":[]},{""a"":{},""b"":[{}]},{}]","jsonArray_value2","jsonArray_value3","0.55","jsonArray_value7","jsonArray_value8","jsonArray_value9","json_value10","jsonArray_value11","jsonArray_value12","jsonArray_value13","jsonArray_value14 jsonArray_value","jsonArray_value15","None","jsonArray_value17","jsonArray_value18","jsonArray_value19","jsonArray_value20","true","jsonArray_value22 22","jsonArray_value23","jsonArray_value24 24-1 24-2","jsonArray_value25","jsonArray_value26","jsonArray_value27","jsonArray_value28","jsonArray_value29","jsonArray_value30","jsonArray_value31","0.95","null","jsonArray_value36","false","jsonArray_value39","jsonArray_value40","jsonArray_value41","jsonArray_value42","jsonArray_value43","jsonArray_value44","jsonArray_value45","jsonArray_value46","jsonArray_value47","jsonArray_value48","jsonArray_value49","jsonArray_value50 jsonArray_value50","0.15","jsonArray_value54","jsonArray_value55","jsonArray_value56","jsonArray_value57","jsonArray_value59","jsonArray_value60","jsonArray_value61","jsonArray_value62","jsonArray_value63","jsonArray_value64","jsonArray_value65","66"
"0",,"{}","[]","[{}]","[{},{}]",,,,,,,,,,,,,,,,,,,,,,,,,,,,,,,,,,,,,,,,,,,,,,,,,,,,,,,,,,,,,,,,,,,,,,,,,,,,"aValue","[]","{}","[{}]","[{},{""a"":""aValue"",""b"":[]},{""a"":{},""b"":[{}]},{}]","jsonArray_value2","jsonArray_value3","0.55","jsonArray_value7","jsonArray_value8","jsonArray_value9","json_value10","jsonArray_value11","jsonArray_value12","jsonArray_value13","jsonArray_value14 jsonArray_value","jsonArray_value15","None","jsonArray_value17","jsonArray_value18","jsonArray_value19","jsonArray_value20","true","jsonArray_value22 22","jsonArray_value23","jsonArray_value24 24-1 24-2","jsonArray_value25","jsonArray_value26","jsonArray_value27","jsonArray_value28","jsonArray_value29","jsonArray_value30","jsonArray_value31","0.95","null","jsonArray_value36","false","jsonArray_value39","jsonArray_value40","jsonArray_value41","jsonArray_value42","jsonArray_value43","jsonArray_value44","jsonArray_value45","jsonArray_value46","jsonArray_value47","jsonArray_value48","jsonArray_value49","jsonArray_value50 jsonArray_value50","0.15","jsonArray_value54","jsonArray_value55","jsonArray_value56","jsonArray_value57","jsonArray_value59","jsonArray_value60","jsonArray_value61","jsonArray_value62","jsonArray_value63","jsonArray_value64","jsonArray_value65","66"
"0",,"{}","[]","[{}]","[{},{}]",,,,,,,,,,,,,,,,,,,,,,,,,,,,,,,,,,,,,,,,,,,,,,,,,,,,,,,,,,,,,,,,,,,,,,,,,,,,"aValue","[]","{}","[{}]","[{},{""a"":""aValue"",""b"":[]},{""a"":{},""b"":[{}]},{}]","jsonArray_value2","jsonArray_value3","0.55","jsonArray_value7","jsonArray_value8","jsonArray_value9","json_value10","jsonArray_value11","jsonArray_value12","jsonArray_value13","jsonArray_value14 jsonArray_value","jsonArray_value15","None","jsonArray_value17","jsonArray_value18","jsonArray_value19","jsonArray_value20","true","jsonArray_value22 22","jsonArray_value23","jsonArray_value24 24-1 24-2","jsonArray_value25","jsonArray_value26","jsonArray_value27","jsonArray_value28","jsonArray_value29","jsonArray_value30","jsonArray_value31","0.95","null","jsonArray_value36","false","jsonArray_value39","jsonArray_value40","jsonArray_value41","jsonArray_value42","jsonArray_value43","jsonArray_value44","jsonArray_value45","jsonArray_value46","jsonArray_value47","jsonArray_value48","jsonArray_value49","jsonArray_value50 jsonArray_value50","0.15","jsonArray_value54","jsonArray_value55","jsonArray_value56","jsonArray_value57","jsonArray_value59","jsonArray_value60","jsonArray_value61","jsonArray_value62","jsonArray_value63","jsonArray_value64","jsonArray_value65","66"
"0",,"{}","[]","[{}]","[{},{}]",,,,,,,,,,,,,,,,,,,,,,,,,,,,,,,,,,,,,,,,,,,,,,,,,,,,,,,,,,,,,,,,,,,,,,,,,,,,"aValue","[]","{}","[{}]","[{},{""a"":""aValue"",""b"":[]},{""a"":{},""b"":[{}]},{}]","jsonArray_value2","jsonArray_value3","0.55","jsonArray_value7","jsonArray_value8","jsonArray_value9","json_value10","jsonArray_value11","jsonArray_value12","jsonArray_value13","jsonArray_value14 jsonArray_value","jsonArray_value15","None","jsonArray_value17","jsonArray_value18","jsonArray_value19","jsonArray_value20","true","jsonArray_value22 22","jsonArray_value23","jsonArray_value24 24-1 24-2","jsonArray_value25","jsonArray_value26","jsonArray_value27","jsonArray_value28","jsonArray_value29","jsonArray_value30","jsonArray_value31","0.95","null","jsonArray_value36","false","jsonArray_value39","jsonArray_value40","jsonArray_value41","jsonArray_value42","jsonArray_value43","jsonArray_value44","jsonArray_value45","jsonArray_value46","jsonArray_value47","jsonArray_value48","jsonArray_value49","jsonArray_value50 jsonArray_value50","0.15","jsonArray_value54","jsonArray_value55","jsonArray_value56","jsonArray_value57","jsonArray_value59","jsonArray_value60","jsonArray_value61","jsonArray_value62","jsonArray_value63","jsonArray_value64","jsonArray_value65","66"
"0",,"{}","[]","[{}]","[{},{}]",,,,,,,,,,,,,,,,,,,,,,,,,,,,,,,,,,,,,,,,,,,,,,,,,,,,,,,,,,,,,,,,,,,,,,,,,,,,"aValue","[]","{}","[{}]","[{},{""a"":""aValue"",""b"":[]},{""a"":{},""b"":[{}]},{}]","jsonArray_value2","jsonArray_value3","0.55","jsonArray_value7","jsonArray_value8","jsonArray_value9","json_value10","jsonArray_value11","jsonArray_value12","jsonArray_value13","jsonArray_value14 jsonArray_value","jsonArray_value15","None","jsonArray_value17","jsonArray_value18","jsonArray_value19","jsonArray_value20","true","jsonArray_value22 22","jsonArray_value23","jsonArray_value24 24-1 24-2","jsonArray_value25","jsonArray_value26","jsonArray_value27","jsonArray_value28","jsonArray_value29","jsonArray_value30","jsonArray_value31","0.95","null","jsonArray_value36","false","jsonArray_value39","jsonArray_value40","jsonArray_value41","jsonArray_value42","jsonArray_value43","jsonArray_value44","jsonArray_value45","jsonArray_value46","jsonArray_value47","jsonArray_value48","jsonArray_value49","jsonArray_value50 jsonArray_value50","0.15","jsonArray_value54","jsonArray_value55","jsonArray_value56","jsonArray_value57","jsonArray_value59","jsonArray_value60","jsonArray_value61","jsonArray_value62","jsonArray_value63","jsonArray_value64","jsonArray_value65","66"
"0",,"{}","[]","[{}]","[{},{}]",,,,,,,,,,,,,,,,,,,,,,,,,,,,,,,,,,,,,,,,,,,,,,,,,,,,,,,,,,,,,,,,,,,,,,,,,,,,"aValue","[]","{}","[{}]","[{},{""a"":""aValue"",""b"":[]},{""a"":{},""b"":[{}]},{}]","jsonArray_value2","jsonArray_value3","0.55","jsonArray_value7","jsonArray_value8","jsonArray_value9","json_value10","jsonArray_value11","jsonArray_value12","jsonArray_value13","jsonArray_value14 jsonArray_value","jsonArray_value15","None","jsonArray_value17","jsonArray_value18","jsonArray_value19","jsonArray_value20","true","jsonArray_value22 22","jsonArray_value23","jsonArray_value24 24-1 24-2","jsonArray_value25","jsonArray_value26","jsonArray_value27","jsonArray_value28","jsonArray_value29","jsonArray_value30","jsonArray_value31","0.95","null","jsonArray_value36","false","jsonArray_value39","jsonArray_value40","jsonArray_value41","jsonArray_value42","jsonArray_value43","jsonArray_value44","jsonArray_value45","jsonArray_value46","jsonArray_value47","jsonArray_value48","jsonArray_value49","jsonArray_value50 jsonArray_value50","0.15","jsonArray_value54","jsonArray_value55","jsonArray_value56","jsonArray_value57","jsonArray_value59","jsonArray_value60","jsonArray_value61","jsonArray_value62","jsonArray_value63","jsonArray_value64","jsonArray_value65","66"
"0",,"{}","[]","[{}]","[{},{}]",,,,,,,,,,,,,,,,,,,,,,,,,,,,,,,,,,,,,,,,,,,,,,,,,,,,,,,,,,,,,,,,,,,,,,,,,,,,"aValue","[]","{}","[{}]","[{},{""a"":""aValue"",""b"":[]},{""a"":{},""b"":[{}]},{}]","jsonArray_value2","jsonArray_value3","0.55","jsonArray_value7","jsonArray_value8","jsonArray_value9","json_value10","jsonArray_value11","jsonArray_value12","jsonArray_value13","jsonArray_value14 jsonArray_value","jsonArray_value15","None","jsonArray_value17","jsonArray_value18","jsonArray_value19","jsonArray_value20","true","jsonArray_value22 22","jsonArray_value23","jsonArray_value24 24-1 24-2","jsonArray_value25","jsonArray_value26","jsonArray_value27","jsonArray_value28","jsonArray_value29","jsonArray_value30","jsonArray_value31","0.95","null","jsonArray_value36","false","jsonArray_value39","jsonArray_value40","jsonArray_value41","jsonArray_value42","jsonArray_value43","jsonArray_value44","jsonArray_value45","jsonArray_value46","jsonArray_value47","jsonArray_value48","jsonArray_value49","jsonArray_value50 jsonArray_value50","0.15","jsonArray_value54","jsonArray_value55","jsonArray_value56","jsonArray_value57","jsonArray_value59","jsonArray_value60","jsonArray_value61","jsonArray_value62","jsonArray_value63","jsonArray_value64","jsonArray_value65","66"
"0",,"{}","[]","[{}]","[{},{}]",,,,,,,,,,,,,,,,,,,,,,,,,,,,,,,,,,,,,,,,,,,,,,,,,,,,,,,,,,,,,,,,,,,,,,,,,,,,"aValue","[]","{}","[{}]","[{},{""a"":""aValue"",""b"":[]},{""a"":{},""b"":[{}]},{}]","jsonArray_value2","jsonArray_value3","0.55","jsonArray_value7","jsonArray_value8","jsonArray_value9","json_value10","jsonArray_value11","jsonArray_value12","jsonArray_value13","jsonArray_value14 jsonArray_value","jsonArray_value15","None","jsonArray_value17","jsonArray_value18","jsonArray_value19","jsonArray_value20","true","jsonArray_value22 22","jsonArray_value23","jsonArray_value24 24-1 24-2","jsonArray_value25","jsonArray_value26","jsonArray_value27","jsonArray_value28","jsonArray_value29","jsonArray_value30","jsonArray_value31","0.95","null","jsonArray_value36","false","jsonArray_value39","jsonArray_value40","jsonArray_value41","jsonArray_value42","jsonArray_value43","jsonArray_value44","jsonArray_value45","jsonArray_value46","jsonArray_value47","jsonArray_value48","jsonArray_value49","jsonArray_value50 jsonArray_value50","0.15","jsonArray_value54","jsonArray_value55","jsonArray_value56","jsonArray_value57","jsonArray_value59","jsonArray_value60","jsonArray_value61","jsonArray_value62","jsonArray_value63","jsonArray_value64","jsonArray_value65","66"
"0",,"{}","[]","[{}]","[{},{}]",,,,,,,,,,,,,,,,,,,,,,,,,,,,,,,,,,,,,,,,,,,,,,,,,,,,,,,,,,,,,,,,,,,,,,,,,,,,"aValue","[]","{}","[{}]","[{},{""a"":""aValue"",""b"":[]},{""a"":{},""b"":[{}]},{}]","jsonArray_value2","jsonArray_value3","0.55","jsonArray_value7","jsonArray_value8","jsonArray_value9","json_value10","jsonArray_value11","jsonArray_value12","jsonArray_value13","jsonArray_value14 jsonArray_value","jsonArray_value15","None","jsonArray_value17","jsonArray_value18","jsonArray_value19","jsonArray_value20","true","jsonArray_value22 22","jsonArray_value23","jsonArray_value24 24-1 24-2","jsonArray_value25","jsonArray_value26","jsonArray_value27","jsonArray_value28","jsonArray_value29","jsonArray_value30","jsonArray_value31","0.95","null","jsonArray_value36","false","jsonArray_value39","jsonArray_value40","jsonArray_value41","jsonArray_value42","jsonArray_value43","jsonArray_value44","jsonArray_value45","jsonArray_value46","jsonArray_value47","jsonArray_value48","jsonArray_value49","jsonArray_value50 jsonArray_value50","0.15","jsonArray_value54","jsonArray_value55","jsonArray_value56","jsonArray_value57","jsonArray_value59","jsonArray_value60","jsonArray_value61","jsonArray_value62","jsonArray_value63","jsonArray_value64","jsonArray_value65","66"
"0",,"{}","[]","[{}]","[{},{}]",,,,,,,,,,,,,,,,,,,,,,,,,,,,,,,,,,,,,,,,,,,,,,,,,,,,,,,,,,,,,,,,,,,,,,,,,,,,"aValue","[]","{}","[{}]","[{},{""a"":""aValue"",""b"":[]},{""a"":{},""b"":[{}]},{}]","jsonArray_value2","jsonArray_value3","0.55","jsonArray_value7","jsonArray_value8","jsonArray_value9","json_value10","jsonArray_value11","jsonArray_value12","jsonArray_value13","jsonArray_value14 jsonArray_value","jsonArray_value15","None","jsonArray_value17","jsonArray_value18","jsonArray_value19","jsonArray_value20","true","jsonArray_value22 22","jsonArray_value23","jsonArray_value24 24-1 24-2","jsonArray_value25","jsonArray_value26","jsonArray_value27","jsonArray_value28","jsonArray_value29","jsonArray_value30","jsonArray_value31","0.95","null","jsonArray_value36","false","jsonArray_value39","jsonArray_value40","jsonArray_value41","jsonArray_value42","jsonArray_value43","jsonArray_value44","jsonArray_value45","jsonArray_value46","jsonArray_value47","jsonArray_value48","jsonArray_value49","jsonArray_value50 jsonArray_value50","0.15","jsonArray_value54","jsonArray_value55","jsonArray_value56","jsonArray_value57","jsonArray_value59","jsonArray_value60","jsonArray_value61","jsonArray_value62","jsonArray_value63","jsonArray_value64","jsonArray_value65","66"
