"jsonObject_uniqueKey:","jsonObject_key:","jsonObject_key1:","jsonObject_key1_1:","jsonObject_key1_2:","jsonObject_key1_3:","jsonObject_key1_4:a:","jsonObject_key1_4:b:","jsonObject_key1_4:a:1","jsonObject_key1_4:b:1","jsonObject_key1_4:","jsonObject_key2:key3:key4:","jsonObject_key2:key3:key5:","jsonObject_key2:key3:key6:key7:","jsonObject_key2:key3:key6:key8:","jsonObject_key2:key3:key6:key9:","jsonObject_key2:key3:key6:key10:","jsonObject_key2:key3:key11:key12:key13:","jsonObject_key2:key3:key11:key12:key14:","jsonObject_key2:key3:key11:key15:key16:","jsonObject_key2:key3:key11:key17:key18:","jsonObject_key2:key3:key11:key19:key20:key21:","jsonObject_key2:key3:key11:key19:key20:key22:","jsonObject_key2:key3:key11:key19:key20:key23:","jsonObject_key2:key3:key11:key19:key20:key24:","jsonObject_key2:key3:key11:key19:key20:key25:","jsonObject_key2:key3:key11:key19:key20:key26:","jsonObject_key2:key3:key11:key19:key20:key21:1","jsonObject_key2:key3:key11:key19:key20:key22:1","jsonObject_key2:key3:key11:key19:key20:key23:1","jsonObject_key2:key3:key11:key19:key20:key24:1","jsonObject_key2:key3:key11:key19:key20:key25:1","jsonObject_key2:key3:key11:key19:key20:key26:1","jsonObject_key2:key3:key11:key19:key20:key21:2","jsonObject_key2:key3:key11:key19:key20:key22:2","jsonObject_key2:key3:key11:key19:key20:key23:2","jsonObject_key2:key3:key11:key19:key20:key24:2","jsonObject_key2:key3:key11:key19:key20:key25:2","jsonObject_key2:key3:key11:key19:key20:key26:2","jsonObject_key2:key3:key11:key19:key27:","jsonObject_key2:key3:key11:key19:key28:key29:key30:","jsonObject_key2:key3:key11:key19:key28:key29:key31:","jsonObject_key2:key3:key11:key32:","jsonObject_key2:key3:key11:key33:","jsonObject_key2:key3:key11:key34:key35:","jsonObject_key2:key3:key11:key34:key36:","jsonObject_key2:key3:key37:","jsonObject_key2:key3:key38:key39:key40:","jsonObject_key2:key3:key38:key39:key41:","jsonObject_key2:key3:key38:key42:key43:","jsonObject_key2:key3:key38:key42:key44:","jsonObject_key2:key3:key38:key45:key46:","jsonObject_key2:key3:key38:key45:key47:","jsonObject_key2:key3:key48:","jsonObject_key2:key3:key49:","jsonObject_key2:key3:key50:","jsonObject_key2:key3:key51:","jsonObject_key2:key3:key52:key53:key54:","jsonObject_key2:key3:key52:key53:key55:","jsonObject_key2:key3:key52:key56:","jsonObject_key2:key3:key57:","jsonObject_key2:key3:key58:","jsonObject_key2:key3:key59:","jsonObject_key2:key3:key60:key61:","jsonObject_key2:key62:","jsonObject_key2:key63:","jsonObject_key2:key64:","jsonObject_key2:key65:","jsonObject_key2:key66:","jsonObject_key2:key67:","jsonObject_key2:key68:","jsonObject_key2:key69:","jsonObject_key2:key70:","jsonObject_key2:key71:","jsonObject_key2:key72:key73:","jsonObject_key2:key72:key74:","jsonObject_key2:key72:key75:","jsonObject_key2:key76:key77:","jsonObject_key2:key76:key78:","jsonObject_key2:key76:key79:","jsonObject_key2:key80:","jsonArray_uniqueKey:","jsonArray_key1:","jsonArray_key1_1:","jsonArray_key1_2:","jsonArray_key1_3:","jsonArray_key1_4_1:a:","jsonArray_key1_4_1:b:","jsonArray_key1_4_1:a:1","jsonArray_key1_4_1:b:1","jsonArray_key1_4_1:","jsonArray_key2:","jsonArray_key3:","jsonArray_key4:","jsonArray_key5:key6:key7:","jsonArray_key5:key6:key8:","jsonArray_key5:key6:key9:","jsonArray_key5:key6:key10:","jsonArray_key5:key6:key7:1","jsonArray_key5:key6:key8:1","jsonArray_key5:key6:key9:1","jsonArray_key5:key6:key10:1","jsonArray_key5_2:key15:","jsonArray_key5_2:key16:","jsonArray_key5_2:key17:","jsonArray_key5_2:key18:","jsonArray_key5_2:key19:","jsonArray_key5_2:key20:","jsonArray_key5_2:key21:","jsonArray_key5_2:key22:","jsonArray_key5_2:key23:","jsonArray_key5_2:key24:","jsonArray_key5_2:key25:","jsonArray_key5_2:key26:","jsonArray_key5_2:key27:","jsonArray_key5_2:key28:","jsonArray_key29:","jsonArray_key30:","jsonArray_key31:","jsonArray_key32:","jsonArray_key33:key34:key35:","jsonArray_key33:key34:key36:","jsonArray_key37:key38:","jsonArray_key37:key39:","jsonArray_key37:key40:","jsonArray_key37:key41:","jsonArray_key37:key42:","jsonArray_key37:key43:","jsonArray_key37:key44:","jsonArray_key37:key45:","jsonArray_key37:key46:","jsonArray_key37:key47:","jsonArray_key48:","jsonArray_key49:","jsonArray_key50:","jsonArray_key51:","jsonArray_key52:key53:key54:","jsonArray_key52:key53:key55:","jsonArray_key52:key53:key56:","jsonArray_key52:key53:key57:","jsonArray_key58:key59:","jsonArray_key58:key60:","jsonArray_key58:key61:","jsonArray_key58:key62:","jsonArray_key58:key63:","jsonArray_key58:key64:","jsonArray_key58:key65:","jsonArray_key58:key66:"
"1001","{}","[]","[{}]","[{},{}]","jsonObject_value1_3","aValue","[]","{}","[{}]","[{},{""a"":""aValue"",""b"":[]},{},{""a"":{},""b"":[{}]}]","","jsonObject_value5","jsonObject_value7","jsonObject_value8","jsonObject_value9","json_value10","jsonObject_value13","jsonObject_value14","jsonObject_value16","jsonObject_value18","jsonObject_value21","jsonObject_value22","jsonObject_value23","jsonObject_value24","jsonObject_value25","jsonObject_value26","jsonObject_value21_2","jsonObject_value22_2","jsonObject_value23_2","jsonObject_value24_2","jsonObject_value25_2","jsonObject_value26_2","jsonObject_value21_3","jsonObject_value22_3","jsonObject_value23_3","jsonObject_value24_3","jsonObject_value25_3","jsonObject_value26_3","[]","jsonObject_value30","jsonObject_value31","jsonObject_value32","jsonObject_value33","jsonObject_value35","jsonObject_value36","jsonObject_value37","jsonObject_value40","jsonObject_value41","jsonObject_value43","jsonObject_value44","jsonObject_value46","jsonObject_value47","jsonObject_value48","jsonObject_value49","true","false","jsonObject_value54","jsonObject_value55","jsonObject_value56","jsonObject_value57","null","jsonObject_value59","jsonObject_value61","jsonObject_value62","jsonObject_value63","3","[""jsonObject_value65-1"",""jsonObject_value65-2"",""jsonObject_value65-3""]","jsonObject_value66","false","false","jsonObject_value69","jsonObject_value70","jsonObject_value71","jsonObject_value73","jsonObject_value74","jsonObject_value75","jsonObject_value77","[""jsonObject_value78""]","null","80","1001","{}","[]","[{}]","[{},{}]","aValue","[]","{}","[{}]","[{},{""a"":""aValue"",""b"":[]},{""a"":{},""b"":[{}]},{}]","jsonArray_value2","jsonArray_value3","0.55","jsonArray_value7","jsonArray_value8","jsonArray_value9","json_value10","jsonArray_value11","jsonArray_value12","jsonArray_value13","jsonArray_value14 jsonArray_value","jsonArray_value15","None","jsonArray_value17","jsonArray_value18","jsonArray_value19","jsonArray_value20","true","jsonArray_value22 22","jsonArray_value23","jsonArray_value24 24-1 24-2","jsonArray_value25","jsonArray_value26","jsonArray_value27","jsonArray_value28","jsonArray_value29","jsonArray_value30","jsonArray_value31","0.95","null","jsonArray_value36","false","jsonArray_value39","jsonArray_value40","jsonArray_value41","jsonArray_value42","jsonArray_value43","jsonArray_value44","jsonArray_value45","jsonArray_value46","jsonArray_value47","jsonArray_value48","jsonArray_value49","jsonArray_value50 jsonArray_value50","0.15","jsonArray_value54","jsonArray_value55","jsonArray_value56","jsonArray_value57","jsonArray_value59","jsonArray_value60","jsonArray_value61","jsonArray_value62","jsonArray_value63","jsonArray_value64","jsonArray_value65","66"
"1002","{}","[]","[{}]","[{},{}]","jsonObject_value1_3","aValue","[]","{}","[{}]","[{},{""a"":""aValue"",""b"":[]},{},{""a"":{},""b"":[{}]}]","","jsonObject_value5","jsonObject_value7","jsonObject_value8","jsonObject_value9","json_value10","jsonObject_value13","jsonObject_value14","jsonObject_value16","jsonObject_value18","jsonObject_value21","jsonObject_value22","jsonObject_value23","jsonObject_value24","jsonObject_value25","jsonObject_value26","jsonObject_value21_2","jsonObject_value22_2","jsonObject_value23_2","jsonObject_value24_2","jsonObject_value25_2","jsonObject_value26_2","jsonObject_value21_3","jsonObject_value22_3","jsonObject_value23_3","jsonObject_value24_3","jsonObject_value25_3","jsonObject_value26_3","[]","jsonObject_value30","jsonObject_value31","jsonObject_value32","jsonObject_value33","jsonObject_value35","jsonObject_value36","jsonObject_value37","jsonObject_value40","jsonObject_value41","jsonObject_value43","jsonObject_value44","jsonObject_value46","jsonObject_value47","jsonObject_value48","jsonObject_value49","true","false","jsonObject_value54","jsonObject_value55","jsonObject_value56","jsonObject_value57","null","jsonObject_value59","jsonObject_value61","jsonObject_value62","jsonObject_value63","3","[""jsonObject_value65-1"",""jsonObject_value65-2"",""jsonObject_value65-3""]","jsonObject_value66","false","false","jsonObject_value69","jsonObject_value70","jsonObject_value71","jsonObject_value73","jsonObject_value74","jsonObject_value75","jsonObject_value77","[""jsonObject_value78""]","null","80","1002","{}","[]","[{}]","[{},{}]","aValue","[]","{}","[{}]","[{},{""a"":""aValue"",""b"":[]},{""a"":{},""b"":[{}]},{}]","jsonArray_value2","jsonArray_value3","0.55","jsonArray_value7","jsonArray_value8","jsonArray_value9","json_value10","jsonArray_value11","jsonArray_value12","jsonArray_value13","jsonArray_value14 jsonArray_value","jsonArray_value15","None","jsonArray_value17","jsonArray_value18","jsonArray_value19","jsonArray_value20","true","jsonArray_value22 22","jsonArray_value23","jsonArray_value24 24-1 24-2","jsonArray_value25","jsonArray_value26","jsonArray_value27","jsonArray_value28","jsonArray_value29","jsonArray_value30","jsonArray_value31","0.95","null","jsonArray_value36","false","jsonArray_value39","jsonArray_value40","jsonArray_value41","jsonArray_value42","jsonArray_value43","jsonArray_value44","jsonArray_value45","jsonArray_value46","jsonArray_value47","jsonArray_value48","jsonArray_value49","jsonArray_value50 jsonArray_value50","0.15","jsonArray_value54","jsonArray_value55","jsonArray_value56","jsonArray_value57","jsonArray_value59","jsonArray_value60","jsonArray_value61","jsonArray_value62","jsonArray_value63","jsonArray_value64","jsonArray_value65","66"
"1003","{}","[]","[{}]","[{},{}]","jsonObject_value1_3","aValue","[]","{}","[{}]","[{},{""a"":""aValue"",""b"":[]},{},{""a"":{},""b"":[{}]}]","","jsonObject_value5","jsonObject_value7","jsonObject_value8","jsonObject_value9","json_value10","jsonObject_value13","jsonObject_value14","jsonObject_value16","jsonObject_value18","jsonObject_value21","jsonObject_value22","jsonObject_value23","jsonObject_value24","jsonObject_value25","jsonObject_value26","jsonObject_value21_2","jsonObject_value22_2","jsonObject_value23_2","jsonObject_value24_2","jsonObject_value25_2","jsonObject_value26_2","jsonObject_value21_3","jsonObject_value22_3","jsonObject_value23_3","jsonObject_value24_3","jsonObject_value25_3","jsonObject_value26_3","[]","jsonObject_value30","jsonObject_value31","jsonObject_value32","jsonObject_value33","jsonObject_value35","jsonObject_value36","jsonObject_value37","jsonObject_value40","jsonObject_value41","jsonObject_value43","jsonObject_value44","jsonObject_value46","jsonObject_value47","jsonObject_value48","jsonObject_value49","true","false","jsonObject_value54","jsonObject_value55","jsonObject_value56","jsonObject_value57","null","jsonObject_value59","jsonObject_value61","jsonObject_value62","jsonObject_value63","3","[""jsonObject_value65-1"",""jsonObject_value65-2"",""jsonObject_value65-3""]","jsonObject_value66","false","false","jsonObject_value69","jsonObject_value70","jsonObject_value71","jsonObject_value73","jsonObject_value74","jsonObject_value75","jsonObject_value77","[""jsonObject_value78""]","null","80","1003","{}","[]","[{}]","[{},{}]","aValue","[]","{}","[{}]","[{},{""a"":""aValue"",""b"":[]},{""a"":{},""b"":[{}]},{}]","jsonArray_value2","jsonArray_value3","0.55","jsonArray_value7","jsonArray_value8","jsonArray_value9","json_value10","jsonArray_value11","jsonArray_value12","jsonArray_value13","jsonArray_value14 jsonArray_value","jsonArray_value15","None","jsonArray_value17","jsonArray_value18","jsonArray_value19","jsonArray_value20","true","jsonArray_value22 22","jsonArray_value23","jsonArray_value24 24-1 24-2","jsonArray_value25","jsonArray_value26","jsonArray_value27","jsonArray_value28","jsonArray_value29","jsonArray_value30","jsonArray_value31","0.95","null","jsonArray_value36","false","jsonArray_value39","jsonArray_value40","jsonArray_value41","jsonArray_value42","jsonArray_value43","jsonArray_value44","jsonArray_value45","jsonArray_value46","jsonArray_value47","jsonArray_value48","jsonArray_value49","jsonArray_value50 jsonArray_value50","0.15","jsonArray_value54","jsonArray_value55","jsonArray_value56","jsonArray_value57","jsonArray_value59","jsonArray_value60","jsonArray_value61","jsonArray_value62","jsonArray_value63","jsonArray_value64","jsonArray_value65","66"
"1004","{}","[]","[{}]","[{},{}]","jsonObject_value1_3","aValue","[]","{}","[{}]","[{},{""a"":""aValue"",""b"":[]},{},{""a"":{},""b"":[{}]}]","","jsonObject_value5","jsonObject_value7","jsonObject_value8","jsonObject_value9","json_value10","jsonObject_value13","jsonObject_value14","jsonObject_value16","jsonObject_value18","jsonObject_value21","jsonObject_value22","jsonObject_value23","jsonObject_value24","jsonObject_value25","jsonObject_value26","jsonObject_value21_2","jsonObject_value22_2","jsonObject_value23_2","jsonObject_value24_2","jsonObject_value25_2","jsonObject_value26_2","jsonObject_value21_3","jsonObject_value22_3","jsonObject_value23_3","jsonObject_value24_3","jsonObject_value25_3","jsonObject_value26_3","[]","jsonObject_value30","jsonObject_value31","jsonObject_value32","jsonObject_value33","jsonObject_value35","jsonObject_value36","jsonObject_value37","jsonObject_value40","jsonObject_value41","jsonObject_value43","jsonObject_value44","jsonObject_value46","jsonObject_value47","jsonObject_value48","jsonObject_value49","true","false","jsonObject_value54","jsonObject_value55","jsonObject_value56","jsonObject_value57","null","jsonObject_value59","jsonObject_value61","jsonObject_value62","jsonObject_value63","3","[""jsonObject_value65-1"",""jsonObject_value65-2"",""jsonObject_value65-3""]","jsonObject_value66","false","false","jsonObject_value69","jsonObject_value70","jsonObject_value71","jsonObject_value73","jsonObject_value74","jsonObject_value75","jsonObject_value77","[""jsonObject_value78""]","null","80","1004","{}","[]","[{}]","[{},{}]","aValue","[]","{}","[{}]","[{},{""a"":""aValue"",""b"":[]},{""a"":{},""b"":[{}]},{}]","jsonArray_value2","jsonArray_value3","0.55","jsonArray_value7","jsonArray_value8","jsonArray_value9","json_value10","jsonArray_value11","jsonArray_value12","jsonArray_value13","jsonArray_value14 jsonArray_value","jsonArray_value15","None","jsonArray_value17","jsonArray_value18","jsonArray_value19","jsonArray_value20","true","jsonArray_value22 22","jsonArray_value23","jsonArray_value24 24-1 24-2","jsonArray_value25","jsonArray_value26","jsonArray_value27","jsonArray_value28","jsonArray_value29","jsonArray_value30","jsonArray_value31","0.95","null","jsonArray_value36","false","jsonArray_value39","jsonArray_value40","jsonArray_value41","jsonArray_value42","jsonArray_value43","jsonArray_value44","jsonArray_value45","jsonArray_value46","jsonArray_value47","jsonArray_value48","jsonArray_value49","jsonArray_value50 jsonArray_value50","0.15","jsonArray_value54","jsonArray_value55","jsonArray_value56","jsonArray_value57","jsonArray_value59","jsonArray_value60","jsonArray_value61","jsonArray_value62","jsonArray_value63","jsonArray_value64","jsonArray_value65","66"
"1005","{}","[]","[{}]","[{},{}]","jsonObject_value1_3","aValue","[]","{}","[{}]","[{},{""a"":""aValue"",""b"":[]},{},{""a"":{},""b"":[{}]}]","","jsonObject_value5","jsonObject_value7","jsonObject_value8","jsonObject_value9","json_value10","jsonObject_value13","jsonObject_value14","jsonObject_value16","jsonObject_value18","jsonObject_value21","jsonObject_value22","jsonObject_value23","jsonObject_value24","jsonObject_value25","jsonObject_value26","jsonObject_value21_2","jsonObject_value22_2","jsonObject_value23_2","jsonObject_value24_2","jsonObject_value25_2","jsonObject_value26_2","jsonObject_value21_3","jsonObject_value22_3","jsonObject_value23_3","jsonObject_value24_3","jsonObject_value25_3","jsonObject_value26_3","[]","jsonObject_value30","jsonObject_value31","jsonObject_value32","jsonObject_value33","jsonObject_value35","jsonObject_value36","jsonObject_value37","jsonObject_value40","jsonObject_value41","jsonObject_value43","jsonObject_value44","jsonObject_value46","jsonObject_value47","jsonObject_value48","jsonObject_value49","true","false","jsonObject_value54","jsonObject_value55","jsonObject_value56","jsonObject_value57","null","jsonObject_value59","jsonObject_value61","jsonObject_value62","jsonObject_value63","3","[""jsonObject_value65-1"",""jsonObject_value65-2"",""jsonObject_value65-3""]","jsonObject_value66","false","false","jsonObject_value69","jsonObject_value70","jsonObject_value71","jsonObject_value73","jsonObject_value74","jsonObject_value75","jsonObject_value77","[""jsonObject_value78""]","null","80","1005","{}","[]","[{}]","[{},{}]","aValue","[]","{}","[{}]","[{},{""a"":""aValue"",""b"":[]},{""a"":{},""b"":[{}]},{}]","jsonArray_value2","jsonArray_value3","0.55","jsonArray_value7","jsonArray_value8","jsonArray_value9","json_value10","jsonArray_value11","jsonArray_value12","jsonArray_value13","jsonArray_value14 jsonArray_value","jsonArray_value15","None","jsonArray_value17","jsonArray_value18","jsonArray_value19","jsonArray_value20","true","jsonArray_value22 22","jsonArray_value23","jsonArray_value24 24-1 24-2","jsonArray_value25","jsonArray_value26","jsonArray_value27","jsonArray_value28","jsonArray_value29","jsonArray_value30","jsonArray_value31","0.95","null","jsonArray_value36","false","jsonArray_value39","jsonArray_value40","jsonArray_value41","jsonArray_value42","jsonArray_value43","jsonArray_value44","jsonArray_value45","jsonArray_value46","jsonArray_value47","jsonArray_value48","jsonArray_value49","jsonArray_value50 jsonArray_value50","0.15","jsonArray_value54","jsonArray_value55","jsonArray_value56","jsonArray_value57","jsonArray_value59","jsonArray_value60","jsonArray_value61","jsonArray_value62","jsonArray_value63","jsonArray_value64","jsonArray_value65","66"
"1006","{}","[]","[{}]","[{},{}]","jsonObject_value1_3","aValue","[]","{}","[{}]","[{},{""a"":""aValue"",""b"":[]},{},{""a"":{},""b"":[{}]}]","","jsonObject_value5","jsonObject_value7","jsonObject_value8","jsonObject_value9","json_value10","jsonObject_value13","jsonObject_value14","jsonObject_value16","jsonObject_value18","jsonObject_value21","jsonObject_value22","jsonObject_value23","jsonObject_value24","jsonObject_value25","jsonObject_value26","jsonObject_value21_2","jsonObject_value22_2","jsonObject_value23_2","jsonObject_value24_2","jsonObject_value25_2","jsonObject_value26_2","jsonObject_value21_3","jsonObject_value22_3","jsonObject_value23_3","jsonObject_value24_3","jsonObject_value25_3","jsonObject_value26_3","[]","jsonObject_value30","jsonObject_value31","jsonObject_value32","jsonObject_value33","jsonObject_value35","jsonObject_value36","jsonObject_value37","jsonObject_value40","jsonObject_value41","jsonObject_value43","jsonObject_value44","jsonObject_value46","jsonObject_value47","jsonObject_value48","jsonObject_value49","true","false","jsonObject_value54","jsonObject_value55","jsonObject_value56","jsonObject_value57","null","jsonObject_value59","jsonObject_value61","jsonObject_value62","jsonObject_value63","3","[""jsonObject_value65-1"",""jsonObject_value65-2"",""jsonObject_value65-3""]","jsonObject_value66","false","false","jsonObject_value69","jsonObject_value70","jsonObject_value71","jsonObject_value73","jsonObject_value74","jsonObject_value75","jsonObject_value77","[""jsonObject_value78""]","null","80","1006","{}","[]","[{}]","[{},{}]","aValue","[]","{}","[{}]","[{},{""a"":""aValue"",""b"":[]},{""a"":{},""b"":[{}]},{}]","jsonArray_value2","jsonArray_value3","0.55","jsonArray_value7","jsonArray_value8","jsonArray_value9","json_value10","jsonArray_value11","jsonArray_value12","jsonArray_value13","jsonArray_value14 jsonArray_value","jsonArray_value15","None","jsonArray_value17","jsonArray_value18","jsonArray_value19","jsonArray_value20","true","jsonArray_value22 22","jsonArray_value23","jsonArray_value24 24-1 24-2","jsonArray_value25","jsonArray_value26","jsonArray_value27","jsonArray_value28","jsonArray_value29","jsonArray_value30","jsonArray_value31","0.95","null","jsonArray_value36","false","jsonArray_value39","jsonArray_value40","jsonArray_value41","jsonArray_value42","jsonArray_value43","jsonArray_value44","jsonArray_value45","jsonArray_value46","jsonArray_value47","jsonArray_value48","jsonArray_value49","jsonArray_value50 jsonArray_value50","0.15","jsonArray_value54","jsonArray_value55","jsonArray_value56","jsonArray_value57","jsonArray_value59","jsonArray_value60","jsonArray_value61","jsonArray_value62","jsonArray_value63","jsonArray_value64","jsonArray_value65","66"
"1007","{}","[]","[{}]","[{},{}]","jsonObject_value1_3","aValue","[]","{}","[{}]","[{},{""a"":""aValue"",""b"":[]},{},{""a"":{},""b"":[{}]}]","","jsonObject_value5","jsonObject_value7","jsonObject_value8","jsonObject_value9","json_value10","jsonObject_value13","jsonObject_value14","jsonObject_value16","jsonObject_value18","jsonObject_value21","jsonObject_value22","jsonObject_value23","jsonObject_value24","jsonObject_value25","jsonObject_value26","jsonObject_value21_2","jsonObject_value22_2","jsonObject_value23_2","jsonObject_value24_2","jsonObject_value25_2","jsonObject_value26_2","jsonObject_value21_3","jsonObject_value22_3","jsonObject_value23_3","jsonObject_value24_3","jsonObject_value25_3","jsonObject_value26_3","[]","jsonObject_value30","jsonObject_value31","jsonObject_value32","jsonObject_value33","jsonObject_value35","jsonObject_value36","jsonObject_value37","jsonObject_value40","jsonObject_value41","jsonObject_value43","jsonObject_value44","jsonObject_value46","jsonObject_value47","jsonObject_value48","jsonObject_value49","true","false","jsonObject_value54","jsonObject_value55","jsonObject_value56","jsonObject_value57","null","jsonObject_value59","jsonObject_value61","jsonObject_value62","jsonObject_value63","3","[""jsonObject_value65-1"",""jsonObject_value65-2"",""jsonObject_value65-3""]","jsonObject_value66","false","false","jsonObject_value69","jsonObject_value70","jsonObject_value71","jsonObject_value73","jsonObject_value74","jsonObject_value75","jsonObject_value77","[""jsonObject_value78""]","null","80","1007","{}","[]","[{}]","[{},{}]","aValue","[]","{}","[{}]","[{},{""a"":""aValue"",""b"":[]},{""a"":{},""b"":[{}]},{}]","jsonArray_value2","jsonArray_value3","0.55","jsonArray_value7","jsonArray_value8","jsonArray_value9","json_value10","jsonArray_value11","jsonArray_value12","jsonArray_value13","jsonArray_value14 jsonArray_value","jsonArray_value15","None","jsonArray_value17","jsonArray_value18","jsonArray_value19","jsonArray_value20","true","jsonArray_value22 22","jsonArray_value23","jsonArray_value24 24-1 24-2","jsonArray_value25","jsonArray_value26","jsonArray_value27","jsonArray_value28","jsonArray_value29","jsonArray_value30","jsonArray_value31","0.95","null","jsonArray_value36","false","jsonArray_value39","jsonArray_value40","jsonArray_value41","jsonArray_value42","jsonArray_value43","jsonArray_value44","jsonArray_value45","jsonArray_value46","jsonArray_value47","jsonArray_value48","jsonArray_value49","jsonArray_value50 jsonArray_value50","0.15","jsonArray_value54","jsonArray_value55","jsonArray_value56","jsonArray_value57","jsonArray_value59","jsonArray_value60","jsonArray_value61","jsonArray_value62","jsonArray_value63","jsonArray_value64","jsonArray_value65","66"
"1008","{}","[]","[{}]","[{},{}]","jsonObject_value1_3","aValue","[]","{}","[{}]","[{},{""a"":""aValue"",""b"":[]},{},{""a"":{},""b"":[{}]}]","","jsonObject_value5","jsonObject_value7","jsonObject_value8","jsonObject_value9","json_value10","jsonObject_value13","jsonObject_value14","jsonObject_value16","jsonObject_value18","jsonObject_value21","jsonObject_value22","jsonObject_value23","jsonObject_value24","jsonObject_value25","jsonObject_value26","jsonObject_value21_2","jsonObject_value22_2","jsonObject_value23_2","jsonObject_value24_2","jsonObject_value25_2","jsonObject_value26_2","jsonObject_value21_3","jsonObject_value22_3","jsonObject_value23_3","jsonObject_value24_3","jsonObject_value25_3","jsonObject_value26_3","[]","jsonObject_value30","jsonObject_value31","jsonObject_value32","jsonObject_value33","jsonObject_value35","jsonObject_value36","jsonObject_value37","jsonObject_value40","jsonObject_value41","jsonObject_value43","jsonObject_value44","jsonObject_value46","jsonObject_value47","jsonObject_value48","jsonObject_value49","true","false","jsonObject_value54","jsonObject_value55","jsonObject_value56","jsonObject_value57","null","jsonObject_value59","jsonObject_value61","jsonObject_value62","jsonObject_value63","3","[""jsonObject_value65-1"",""jsonObject_value65-2"",""jsonObject_value65-3""]","jsonObject_value66","false","false","jsonObject_value69","jsonObject_value70","jsonObject_value71","jsonObject_value73","jsonObject_value74","jsonObject_value75","jsonObject_value77","[""jsonObject_value78""]","null","80","1008","{}","[]","[{}]","[{},{}]","aValue","[]","{}","[{}]","[{},{""a"":""aValue"",""b"":[]},{""a"":{},""b"":[{}]},{}]","jsonArray_value2","jsonArray_value3","0.55","jsonArray_value7","jsonArray_value8","jsonArray_value9","json_value10","jsonArray_value11","jsonArray_value12","jsonArray_value13","jsonArray_value14 jsonArray_value","jsonArray_value15","None","jsonArray_value17","jsonArray_value18","jsonArray_value19","jsonArray_value20","true","jsonArray_value22 22","jsonArray_value23","jsonArray_value24 24-1 24-2","jsonArray_value25","jsonArray_value26","jsonArray_value27","jsonArray_value28","jsonArray_value29","jsonArray_value30","jsonArray_value31","0.95","null","jsonArray_value36","false","jsonArray_value39","jsonArray_value40","jsonArray_value41","jsonArray_value42","jsonArray_value43","jsonArray_value44","jsonArray_value45","jsonArray_value46","jsonArray_value47","jsonArray_value48","jsonArray_value49","jsonArray_value50 jsonArray_value50","0.15","jsonArray_value54","jsonArray_value55","jsonArray_value56","jsonArray_value57","jsonArray_value59","jsonArray_value60","jsonArray_value61","jsonArray_value62","jsonArray_value63","jsonArray_value64","jsonArray_value65","66"
"1009","{}","[]","[{}]","[{},{}]","jsonObject_value1_3","aValue","[]","{}","[{}]","[{},{""a"":""aValue"",""b"":[]},{},{""a"":{},""b"":[{}]}]","","jsonObject_value5","jsonObject_value7","jsonObject_value8","jsonObject_value9","json_value10","jsonObject_value13","jsonObject_value14","jsonObject_value16","jsonObject_value18","jsonObject_value21","jsonObject_value22","jsonObject_value23","jsonObject_value24","jsonObject_value25","jsonObject_value26","jsonObject_value21_2","jsonObject_value22_2","jsonObject_value23_2","jsonObject_value24_2","jsonObject_value25_2","jsonObject_value26_2","jsonObject_value21_3","jsonObject_value22_3","jsonObject_value23_3","jsonObject_value24_3","jsonObject_value25_3","jsonObject_value26_3","[]","jsonObject_value30","jsonObject_value31","jsonObject_value32","jsonObject_value33","jsonObject_value35","jsonObject_value36","jsonObject_value37","jsonObject_value40","jsonObject_value41","jsonObject_value43","jsonObject_value44","jsonObject_value46","jsonObject_value47","jsonObject_value48","jsonObject_value49","true","false","jsonObject_value54","jsonObject_value55","jsonObject_value56","jsonObject_value57","null","jsonObject_value59","jsonObject_value61","jsonObject_value62","jsonObject_value63","3","[""jsonObject_value65-1"",""jsonObject_value65-2"",""jsonObject_value65-3""]","jsonObject_value66","false","false","jsonObject_value69","jsonObject_value70","jsonObject_value71","jsonObject_value73","jsonObject_value74","jsonObject_value75","jsonObject_value77","[""jsonObject_value78""]","null","80","1009","{}","[]","[{}]","[{},{}]","aValue","[]","{}","[{}]","[{},{""a"":""aValue"",""b"":[]},{""a"":{},""b"":[{}]},{}]","jsonArray_value2","jsonArray_value3","0.55","jsonArray_value7","jsonArray_value8","jsonArray_value9","json_value10","jsonArray_value11","jsonArray_value12","jsonArray_value13","jsonArray_value14 jsonArray_value","jsonArray_value15","None","jsonArray_value17","jsonArray_value18","jsonArray_value19","jsonArray_value20","true","jsonArray_value22 22","jsonArray_value23","jsonArray_value24 24-1 24-2","jsonArray_value25","jsonArray_value26","jsonArray_value27","jsonArray_value28","jsonArray_value29","jsonArray_value30","jsonArray_value31","0.95","null","jsonArray_value36","false","jsonArray_value39","jsonArray_value40","jsonArray_value41","jsonArray_value42","jsonArray_value43","jsonArray_value44","jsonArray_value45","jsonArray_value46","jsonArray_value47","jsonArray_value48","jsonArray_value49","jsonArray_value50 jsonArray_value50","0.15","jsonArray_value54","jsonArray_value55","jsonArray_value56","jsonArray_value57","jsonArray_value59","jsonArray_value60","jsonArray_value61","jsonArray_value62","jsonArray_value63","jsonArray_value64","jsonArray_value65","66"
"1010","{}","[]","[{}]","[{},{}]","jsonObject_value1_3","aValue","[]","{}","[{}]","[{},{""a"":""aValue"",""b"":[]},{},{""a"":{},""b"":[{}]}]","","jsonObject_value5","jsonObject_value7","jsonObject_value8","jsonObject_value9","json_value10","jsonObject_value13","jsonObject_value14","jsonObject_value16","jsonObject_value18","jsonObject_value21","jsonObject_value22","jsonObject_value23","jsonObject_value24","jsonObject_value25","jsonObject_value26","jsonObject_value21_2","jsonObject_value22_2","jsonObject_value23_2","jsonObject_value24_2","jsonObject_value25_2","jsonObject_value26_2","jsonObject_value21_3","jsonObject_value22_3","jsonObject_value23_3","jsonObject_value24_3","jsonObject_value25_3","jsonObject_value26_3","[]","jsonObject_value30","jsonObject_value31","jsonObject_value32","jsonObject_value33","jsonObject_value35","jsonObject_value36","jsonObject_value37","jsonObject_value40","jsonObject_value41","jsonObject_value43","jsonObject_value44","jsonObject_value46","jsonObject_value47","jsonObject_value48","jsonObject_value49","true","false","jsonObject_value54","jsonObject_value55","jsonObject_value56","jsonObject_value57","null","jsonObject_value59","jsonObject_value61","jsonObject_value62","jsonObject_value63","3","[""jsonObject_value65-1"",""jsonObject_value65-2"",""jsonObject_value65-3""]","jsonObject_value66","false","false","jsonObject_value69","jsonObject_value70","jsonObject_value71","jsonObject_value73","jsonObject_value74","jsonObject_value75","jsonObject_value77","[""jsonObject_value78""]","null","80","1010","{}","[]","[{}]","[{},{}]","aValue","[]","{}","[{}]","[{},{""a"":""aValue"",""b"":[]},{""a"":{},""b"":[{}]},{}]","jsonArray_value2","jsonArray_value3","0.55","jsonArray_value7","jsonArray_value8","jsonArray_value9","json_value10","jsonArray_value11","jsonArray_value12","jsonArray_value13","jsonArray_value14 jsonArray_value","jsonArray_value15","None","jsonArray_value17","jsonArray_value18","jsonArray_value19","jsonArray_value20","true","jsonArray_value22 22","jsonArray_value23","jsonArray_value24 24-1 24-2","jsonArray_value25","jsonArray_value26","jsonArray_value27","jsonArray_value28","jsonArray_value29","jsonArray_value30","jsonArray_value31","0.95","null","jsonArray_value36","false","jsonArray_value39","jsonArray_value40","jsonArray_value41","jsonArray_value42","jsonArray_value43","jsonArray_value44","jsonArray_value45","jsonArray_value46","jsonArray_value47","jsonArray_value48","jsonArray_value49","jsonArray_value50 jsonArray_value50","0.15","jsonArray_value54","jsonArray_value55","jsonArray_value56","jsonArray_value57","jsonArray_value59","jsonArray_value60","jsonArray_value61","jsonArray_value62","jsonArray_value63","jsonArray_value64","jsonArray_value65","66"
